-- phpMyAdmin SQL Dump
-- version 4.6.3
-- https://www.phpmyadmin.net/
--
-- Host: localhost
-- Generation Time: Aug 05, 2016 at 05:10 AM
-- Server version: 5.7.13
-- PHP Version: 5.5.36

SET SQL_MODE = "NO_AUTO_VALUE_ON_ZERO";
SET time_zone = "+00:00";


/*!40101 SET @OLD_CHARACTER_SET_CLIENT=@@CHARACTER_SET_CLIENT */;
/*!40101 SET @OLD_CHARACTER_SET_RESULTS=@@CHARACTER_SET_RESULTS */;
/*!40101 SET @OLD_COLLATION_CONNECTION=@@COLLATION_CONNECTION */;
/*!40101 SET NAMES utf8mb4 */;

--
-- Database: `date_db`
--

-- --------------------------------------------------------

--
-- Table structure for table `card`
--

CREATE TABLE `card` (
  `card_id` varchar(30) NOT NULL,
  `event_id` int(11) NOT NULL,
  `participant_id` int(11) NOT NULL,
  `_status` char(1) DEFAULT NULL,
  `_user` varchar(50) DEFAULT NULL,
  `_date` datetime DEFAULT NULL
) ENGINE=InnoDB DEFAULT CHARSET=latin1;

--
-- Dumping data for table `card`
--

INSERT INTO `card` (`card_id`, `event_id`, `participant_id`, `_status`, `_user`, `_date`) VALUES
('100816000001', 1, 15, 'I', '2', '2016-07-30 09:59:09'),
('100816000002', 1, 16, 'I', '2', '2016-07-30 09:59:09'),
('100816000003', 1, 17, 'I', '2', '2016-07-30 09:59:09'),
('100816000004', 1, 18, 'I', '2', '2016-07-30 09:59:09'),
('100816000005', 1, 19, 'I', '2', '2016-07-30 09:59:09'),
('100816000006', 1, 20, 'I', '2', '2016-07-30 09:59:09'),
('100816000007', 1, 21, 'I', '2', '2016-07-30 09:59:09'),
('100816000008', 1, 22, 'I', '2', '2016-07-30 09:59:09'),
('100816000009', 1, 23, 'I', '2', '2016-07-30 09:59:09'),
('100816000010', 1, 24, 'I', '2', '2016-07-30 09:59:09'),
('100816000011', 1, 25, 'I', '2', '2016-07-30 09:59:09'),
('100816000012', 1, 26, 'I', '2', '2016-07-30 09:59:09'),
('100816000013', 1, 27, 'I', '2', '2016-07-30 09:59:09'),
('100816000014', 1, 28, 'I', '2', '2016-07-30 09:59:09'),
('100816000015', 1, 29, 'I', '2', '2016-07-30 09:59:09'),
('100816000016', 1, 30, 'I', '2', '2016-07-30 09:59:09'),
('100816000017', 1, 31, 'I', '2', '2016-07-30 09:59:09'),
('100816000018', 1, 32, 'I', '2', '2016-07-30 09:59:09'),
('100816000019', 1, 33, 'I', '2', '2016-07-30 09:59:09'),
('100816000020', 1, 34, 'I', '2', '2016-07-30 09:59:09'),
('100816000021', 1, 35, 'I', '2', '2016-07-30 09:59:09'),
('100816000022', 1, 36, 'I', '2', '2016-07-30 09:59:09'),
('100816000023', 1, 37, 'I', '2', '2016-07-30 09:59:09'),
('100816000024', 1, 38, 'I', '2', '2016-07-30 09:59:09'),
('100816000025', 1, 39, 'I', '2', '2016-07-30 09:59:09'),
('100816000026', 1, 40, 'I', '2', '2016-07-30 09:59:09'),
('100816000027', 1, 41, 'I', '2', '2016-07-30 09:59:09'),
('100816000028', 1, 42, 'I', '2', '2016-07-30 09:59:09'),
('100816000029', 1, 43, 'I', '2', '2016-07-30 09:59:09'),
('100816000030', 1, 44, 'I', '2', '2016-07-30 09:59:09'),
('100816000031', 1, 45, 'I', '2', '2016-07-30 09:59:09'),
('100816000032', 1, 46, 'I', '2', '2016-07-30 09:59:09'),
('100816000033', 1, 47, 'I', '2', '2016-07-30 09:59:09'),
('100816000034', 1, 48, 'I', '2', '2016-07-30 09:59:09'),
('100816000035', 1, 49, 'I', '2', '2016-07-30 09:59:09'),
('100816000036', 1, 50, 'I', '2', '2016-07-30 09:59:09'),
('100816000037', 1, 51, 'I', '2', '2016-07-30 09:59:09'),
('100816000038', 1, 52, 'I', '2', '2016-07-30 09:59:09'),
('100816000039', 1, 53, 'I', '2', '2016-07-30 09:59:09'),
('100816000040', 1, 54, 'I', '2', '2016-07-30 09:59:09'),
('100816000041', 1, 55, 'I', '2', '2016-07-30 09:59:09'),
('100816000042', 1, 56, 'I', '2', '2016-07-30 09:59:09'),
('100816000043', 1, 57, 'I', '2', '2016-07-30 09:59:09'),
('100816000044', 1, 58, 'I', '2', '2016-07-30 09:59:09'),
('100816000045', 1, 59, 'I', '2', '2016-07-30 09:59:09'),
('100816000046', 1, 60, 'I', '2', '2016-07-30 09:59:09'),
('100816000047', 1, 61, 'I', '2', '2016-07-30 09:59:09'),
('100816000048', 1, 62, 'I', '2', '2016-07-30 09:59:09'),
('100816000049', 1, 63, 'I', '2', '2016-07-30 09:59:09'),
('100816000050', 1, 64, 'I', '2', '2016-07-30 09:59:09'),
('100816000051', 1, 65, 'I', '2', '2016-07-30 09:59:09'),
('100816000052', 1, 66, 'I', '2', '2016-07-30 09:59:09'),
('100816000053', 1, 67, 'I', '2', '2016-07-30 09:59:09'),
('100816000054', 1, 68, 'I', '2', '2016-07-30 09:59:09'),
('100816000055', 1, 69, 'I', '2', '2016-07-30 09:59:09'),
('100816000056', 1, 70, 'I', '2', '2016-07-30 09:59:09'),
('100816000057', 1, 71, 'I', '2', '2016-07-30 09:59:09'),
('100816000058', 1, 72, 'I', '2', '2016-07-30 09:59:09'),
('100816000059', 1, 73, 'I', '2', '2016-07-30 09:59:09'),
('100816000060', 1, 74, 'I', '2', '2016-07-30 09:59:09'),
('100816000061', 1, 75, 'I', '2', '2016-07-30 09:59:09'),
('100816000062', 1, 76, 'I', '2', '2016-07-30 09:59:09'),
('100816000063', 1, 77, 'I', '2', '2016-07-30 09:59:09'),
('100816000064', 1, 78, 'I', '2', '2016-07-30 09:59:09'),
('100816000065', 1, 79, 'I', '2', '2016-07-30 09:59:09'),
('100816000066', 1, 80, 'I', '2', '2016-07-30 09:59:09'),
('100816000067', 1, 81, 'I', '2', '2016-07-30 09:59:09'),
('100816000068', 1, 82, 'I', '2', '2016-07-30 09:59:09'),
('100816000069', 1, 83, 'I', '2', '2016-07-30 09:59:09'),
('100816000070', 1, 84, 'I', '2', '2016-07-30 09:59:09'),
('100816000071', 1, 85, 'I', '2', '2016-07-30 09:59:09'),
('100816000072', 1, 86, 'I', '2', '2016-07-30 09:59:09'),
('100816000073', 1, 87, 'I', '2', '2016-07-30 09:59:09'),
('100816000074', 1, 88, 'I', '2', '2016-07-30 09:59:09'),
('100816000075', 1, 89, 'I', '2', '2016-07-30 09:59:09'),
('100816000076', 1, 90, 'I', '2', '2016-07-30 09:59:09'),
('100816000077', 1, 91, 'I', '2', '2016-07-30 09:59:09'),
('100816000078', 1, 92, 'I', '2', '2016-07-30 09:59:09'),
('100816000079', 1, 93, 'I', '2', '2016-07-30 09:59:09'),
('100816000080', 1, 94, 'I', '2', '2016-07-30 09:59:09'),
('100816000081', 1, 95, 'I', '2', '2016-07-30 09:59:09'),
('100816000082', 1, 96, 'I', '2', '2016-07-30 09:59:09'),
('100816000083', 1, 97, 'I', '2', '2016-07-30 09:59:09'),
('100816000084', 1, 98, 'I', '2', '2016-07-30 09:59:09'),
('100816000085', 1, 99, 'I', '2', '2016-07-30 09:59:09'),
('100816000086', 1, 100, 'I', '2', '2016-07-30 09:59:09'),
('100816000087', 1, 101, 'I', '2', '2016-07-30 09:59:09'),
('100816000088', 1, 102, 'I', '2', '2016-07-30 09:59:09'),
('100816000089', 1, 103, 'I', '2', '2016-07-30 09:59:09'),
('100816000090', 1, 104, 'I', '2', '2016-07-30 09:59:09'),
('100816000091', 1, 105, 'I', '2', '2016-07-30 09:59:09'),
('100816000092', 1, 106, 'I', '2', '2016-07-30 09:59:09'),
('100816000093', 1, 107, 'I', '2', '2016-07-30 09:59:09'),
('100816000094', 1, 108, 'I', '2', '2016-07-30 09:59:09'),
('100816000095', 1, 109, 'I', '2', '2016-07-30 09:59:09'),
('100816000096', 1, 110, 'I', '2', '2016-07-30 09:59:09'),
('100816000097', 1, 111, 'I', '2', '2016-07-30 09:59:09'),
('100816000098', 1, 112, 'I', '2', '2016-07-30 09:59:09'),
('100816000099', 1, 113, 'I', '2', '2016-07-30 09:59:09'),
('100816000100', 1, 114, 'I', '2', '2016-07-30 09:59:09'),
('100816000101', 1, 115, 'I', '2', '2016-07-30 09:59:09'),
('100816000102', 1, 116, 'I', '2', '2016-07-30 09:59:09'),
('100816000103', 1, 117, 'I', '2', '2016-07-30 09:59:09'),
('100816000104', 1, 118, 'I', '2', '2016-07-30 09:59:09'),
('100816000105', 1, 119, 'I', '2', '2016-07-30 09:59:09'),
('100816000106', 1, 120, 'I', '2', '2016-07-30 09:59:09'),
('100816000107', 1, 121, 'I', '2', '2016-07-30 09:59:09'),
('100816000108', 1, 122, 'I', '2', '2016-07-30 09:59:09'),
('100816000109', 1, 123, 'I', '2', '2016-07-30 09:59:09'),
('100816000110', 1, 124, 'I', '2', '2016-07-30 09:59:09'),
('100816000111', 1, 125, 'I', '2', '2016-07-30 09:59:09'),
('100816000112', 1, 126, 'I', '2', '2016-07-30 09:59:09'),
('100816000113', 1, 127, 'I', '2', '2016-07-30 09:59:09'),
('100816000114', 1, 128, 'I', '2', '2016-07-30 09:59:09'),
('100816000115', 1, 129, 'I', '2', '2016-07-30 09:59:09'),
('100816000116', 1, 130, 'I', '2', '2016-07-30 09:59:09'),
('100816000117', 1, 131, 'I', '2', '2016-07-30 09:59:09'),
('100816000118', 1, 132, 'I', '2', '2016-07-30 09:59:09'),
('100816000119', 1, 133, 'I', '2', '2016-07-30 09:59:09'),
('100816000120', 1, 134, 'I', '2', '2016-07-30 09:59:09'),
('100816000121', 1, 135, 'I', '2', '2016-07-30 09:59:09'),
('100816000122', 1, 136, 'I', '2', '2016-07-30 09:59:09'),
('100816000123', 1, 137, 'I', '2', '2016-07-30 09:59:09'),
('100816000124', 1, 138, 'I', '2', '2016-07-30 09:59:09'),
('100816000125', 1, 139, 'I', '2', '2016-07-30 09:59:09'),
('100816000126', 1, 140, 'I', '2', '2016-07-30 09:59:09'),
('100816000127', 1, 141, 'I', '2', '2016-07-30 09:59:09'),
('100816000128', 1, 142, 'I', '2', '2016-07-30 09:59:09'),
('100816000129', 1, 143, 'I', '2', '2016-07-30 09:59:09'),
('100816000130', 1, 144, 'I', '2', '2016-07-30 09:59:09'),
('100816000131', 1, 145, 'I', '2', '2016-07-30 09:59:09'),
('100816000132', 1, 146, 'I', '2', '2016-07-30 09:59:09'),
('100816000133', 1, 147, 'I', '2', '2016-07-30 09:59:09'),
('100816000134', 1, 148, 'I', '2', '2016-07-30 09:59:09'),
('100816000135', 1, 149, 'I', '2', '2016-07-30 09:59:09'),
('100816000136', 1, 150, 'I', '2', '2016-07-30 09:59:09'),
('100816000137', 1, 151, 'I', '2', '2016-07-30 09:59:09'),
('100816000138', 1, 152, 'I', '2', '2016-07-30 09:59:09'),
('100816000139', 1, 153, 'I', '2', '2016-07-30 09:59:09'),
('100816000140', 1, 154, 'I', '2', '2016-07-30 09:59:09'),
('100816000141', 1, 155, 'I', '2', '2016-07-30 09:59:09'),
('100816000142', 1, 156, 'I', '2', '2016-07-30 09:59:09'),
('100816000143', 1, 157, 'I', '2', '2016-07-30 09:59:09'),
('100816000144', 1, 158, 'I', '2', '2016-07-30 09:59:09'),
('100816000145', 1, 159, 'I', '2', '2016-07-30 09:59:09'),
('100816000146', 1, 160, 'I', '2', '2016-07-30 09:59:09'),
('100816000147', 1, 161, 'I', '2', '2016-07-30 09:59:09'),
('100816000148', 1, 162, 'I', '2', '2016-07-30 09:59:09'),
('100816000149', 1, 163, 'I', '2', '2016-07-30 09:59:09'),
('100816000150', 1, 164, 'I', '2', '2016-07-30 09:59:09'),
('100816000151', 1, 165, 'I', '2', '2016-07-30 09:59:09'),
('100816000152', 1, 166, 'I', '2', '2016-07-30 09:59:09'),
('100816000153', 1, 167, 'I', '2', '2016-07-30 09:59:09'),
('100816000154', 1, 168, 'I', '2', '2016-07-30 09:59:09'),
('100816000155', 1, 169, 'I', '2', '2016-07-30 09:59:09'),
('100816000156', 1, 170, 'I', '2', '2016-07-30 09:59:09'),
('100816000157', 1, 171, 'I', '2', '2016-07-30 09:59:09'),
('100816000158', 1, 172, 'I', '2', '2016-07-30 09:59:09'),
('100816000159', 1, 173, 'I', '2', '2016-07-30 09:59:09'),
('100816000160', 1, 174, 'I', '2', '2016-07-30 09:59:09'),
('100816000161', 1, 175, 'I', '2', '2016-07-30 09:59:09'),
('100816000162', 1, 176, 'I', '2', '2016-07-30 09:59:09'),
('100816000163', 1, 177, 'I', '2', '2016-07-30 09:59:09'),
('100816000164', 1, 178, 'I', '2', '2016-07-30 09:59:09'),
('100816000165', 1, 179, 'I', '2', '2016-07-30 09:59:09'),
('100816000166', 1, 180, 'I', '2', '2016-07-30 09:59:09'),
('100816000167', 1, 181, 'I', '2', '2016-07-30 09:59:09'),
('100816000168', 1, 182, 'I', '2', '2016-07-30 09:59:09'),
('100816000169', 1, 183, 'I', '2', '2016-07-30 09:59:09'),
('100816000170', 1, 184, 'I', '2', '2016-07-30 09:59:09'),
('100816000171', 1, 185, 'I', '2', '2016-07-30 09:59:09'),
('100816000172', 1, 186, 'I', '2', '2016-07-30 09:59:09'),
('100816000173', 1, 187, 'I', '2', '2016-07-30 09:59:09'),
('100816000174', 1, 188, 'I', '2', '2016-07-30 09:59:09'),
('100816000175', 1, 189, 'I', '2', '2016-07-30 09:59:09'),
('100816000176', 1, 190, 'I', '2', '2016-07-30 09:59:09'),
('100816000177', 1, 191, 'I', '2', '2016-07-30 09:59:09'),
('100816000178', 1, 192, 'I', '2', '2016-07-30 09:59:09'),
('100816000179', 1, 193, 'I', '2', '2016-07-30 09:59:09'),
('100816000180', 1, 194, 'I', '2', '2016-07-30 09:59:09'),
('100816000181', 1, 195, 'I', '2', '2016-07-30 09:59:09'),
('100816000182', 1, 196, 'I', '2', '2016-07-30 09:59:09'),
('100816000183', 1, 197, 'I', '2', '2016-07-30 09:59:09'),
('100816000184', 1, 198, 'I', '2', '2016-07-30 09:59:09'),
('100816000185', 1, 199, 'I', '2', '2016-07-30 09:59:09'),
('100816000186', 1, 200, 'I', '2', '2016-07-30 09:59:09'),
('100816000187', 1, 201, 'I', '2', '2016-07-30 09:59:09'),
('100816000188', 1, 202, 'I', '2', '2016-07-30 09:59:09'),
('100816000189', 1, 203, 'I', '2', '2016-07-30 09:59:09'),
('100816000190', 1, 204, 'I', '2', '2016-07-30 09:59:09'),
('100816000191', 1, 205, 'I', '2', '2016-07-30 09:59:09'),
('100816000192', 1, 206, 'I', '2', '2016-07-30 09:59:09'),
('100816000193', 1, 207, 'I', '2', '2016-07-30 09:59:09'),
('100816000194', 1, 208, 'I', '2', '2016-07-30 09:59:09'),
('100816000195', 1, 209, 'I', '2', '2016-07-30 09:59:09'),
('100816000196', 1, 210, 'I', '2', '2016-07-30 09:59:09'),
('100816000197', 1, 211, 'I', '2', '2016-07-30 09:59:09'),
('100816000198', 1, 212, 'I', '2', '2016-07-30 09:59:09'),
('100816000199', 1, 213, 'I', '2', '2016-07-30 09:59:09'),
('100816000200', 1, 214, 'I', '2', '2016-07-30 09:59:09'),
('100816000201', 1, 215, 'I', '2', '2016-07-30 09:59:09'),
('100816000202', 1, 216, 'I', '2', '2016-07-30 09:59:09'),
('100816000203', 1, 217, 'I', '2', '2016-07-30 09:59:09'),
('100816000204', 1, 218, 'I', '2', '2016-07-30 09:59:09'),
('100816000205', 1, 219, 'I', '2', '2016-07-30 09:59:09'),
('100816000206', 1, 220, 'I', '2', '2016-07-30 09:59:09'),
('100816000207', 1, 221, 'I', '2', '2016-07-30 09:59:09'),
('100816000208', 1, 222, 'I', '2', '2016-07-30 09:59:09'),
('100816000209', 1, 223, 'I', '2', '2016-07-30 09:59:09'),
('100816000210', 1, 224, 'I', '2', '2016-07-30 09:59:09'),
('100816000211', 1, 225, 'I', '2', '2016-07-30 09:59:09'),
('100816000212', 1, 226, 'I', '2', '2016-07-30 09:59:09'),
('100816000213', 1, 227, 'I', '2', '2016-07-30 09:59:09'),
('100816000214', 1, 228, 'I', '2', '2016-07-30 09:59:09'),
('100816000215', 1, 229, 'I', '2', '2016-07-30 09:59:09'),
('100816000216', 1, 230, 'I', '2', '2016-07-30 09:59:09'),
('100816000217', 1, 231, 'I', '2', '2016-07-30 09:59:09'),
('100816000218', 1, 232, 'I', '2', '2016-07-30 09:59:09'),
('100816000219', 1, 233, 'I', '2', '2016-07-30 09:59:09'),
('100816000220', 1, 234, 'I', '2', '2016-07-30 09:59:09'),
('100816000221', 1, 235, 'I', '2', '2016-07-30 09:59:09'),
('100816000222', 1, 236, 'I', '2', '2016-07-30 09:59:09'),
('100816000223', 1, 237, 'I', '2', '2016-07-30 09:59:09'),
('100816000224', 1, 238, 'I', '2', '2016-07-30 09:59:09'),
('100816000225', 1, 239, 'I', '2', '2016-07-30 09:59:09'),
('100816000226', 1, 240, 'I', '2', '2016-07-30 09:59:09'),
('100816000227', 1, 241, 'I', '2', '2016-07-30 09:59:09'),
('100816000228', 1, 242, 'I', '2', '2016-07-30 09:59:09'),
('100816000229', 1, 243, 'I', '2', '2016-07-30 09:59:09'),
('100816000230', 1, 244, 'I', '2', '2016-07-30 09:59:09'),
('100816000231', 1, 245, 'I', '2', '2016-07-30 09:59:09'),
('100816000232', 1, 246, 'I', '2', '2016-07-30 09:59:09'),
('100816000233', 1, 247, 'I', '2', '2016-07-30 09:59:09'),
('100816000234', 1, 248, 'I', '2', '2016-07-30 09:59:09'),
('100816000235', 1, 249, 'I', '2', '2016-07-30 09:59:09'),
('100816000236', 1, 250, 'I', '2', '2016-07-30 09:59:09'),
('100816000237', 1, 251, 'I', '2', '2016-07-30 09:59:09'),
('100816000238', 1, 252, 'I', '2', '2016-07-30 09:59:09'),
('100816000239', 1, 253, 'I', '2', '2016-07-30 09:59:09'),
('100816000240', 1, 254, 'I', '2', '2016-07-30 09:59:09'),
('100816000241', 1, 255, 'I', '2', '2016-07-30 09:59:09'),
('100816000242', 1, 256, 'I', '2', '2016-07-30 09:59:09'),
('100816000243', 1, 257, 'I', '2', '2016-07-30 09:59:09'),
('100816000244', 1, 258, 'I', '2', '2016-07-30 09:59:09'),
('100816000245', 1, 259, 'I', '2', '2016-07-30 09:59:09'),
('100816000246', 1, 260, 'I', '2', '2016-07-30 09:59:09'),
('100816000247', 1, 261, 'I', '2', '2016-07-30 09:59:09'),
('100816000248', 1, 262, 'I', '2', '2016-07-30 09:59:09'),
('100816000249', 1, 263, 'I', '2', '2016-07-30 09:59:09'),
('100816000250', 1, 264, 'I', '2', '2016-07-30 09:59:09'),
('100816000251', 1, 265, 'I', '2', '2016-07-30 09:59:09'),
('100816000252', 1, 266, 'I', '2', '2016-07-30 09:59:09'),
('100816000253', 1, 267, 'I', '2', '2016-07-30 09:59:09'),
('100816000254', 1, 268, 'I', '2', '2016-07-30 09:59:09'),
('100816000255', 1, 269, 'I', '2', '2016-07-30 09:59:09'),
('100816000256', 1, 270, 'I', '2', '2016-07-30 09:59:09'),
('100816000257', 1, 271, 'I', '2', '2016-07-30 09:59:09'),
('100816000258', 1, 272, 'I', '2', '2016-07-30 09:59:09'),
('100816000259', 1, 273, 'I', '2', '2016-07-30 09:59:09'),
('100816000260', 1, 274, 'I', '2', '2016-07-30 09:59:09'),
('100816000261', 1, 275, 'I', '2', '2016-07-30 09:59:09'),
('100816000262', 1, 276, 'I', '2', '2016-07-30 09:59:09'),
('100816000263', 1, 277, 'I', '2', '2016-07-30 09:59:09'),
('100816000264', 1, 278, 'I', '2', '2016-07-30 09:59:09'),
('100816000265', 1, 279, 'I', '2', '2016-07-30 09:59:09'),
('100816000266', 1, 280, 'I', '2', '2016-07-30 09:59:09'),
('100816000267', 1, 281, 'I', '2', '2016-07-30 09:59:09'),
('100816000268', 1, 282, 'I', '2', '2016-07-30 09:59:09'),
('100816000269', 1, 283, 'I', '2', '2016-07-30 09:59:09'),
('100816000270', 1, 284, 'I', '2', '2016-07-30 09:59:09'),
('100816000271', 1, 285, 'I', '2', '2016-07-30 09:59:09'),
('100816000272', 1, 286, 'I', '2', '2016-07-30 09:59:09'),
('100816000273', 1, 287, 'I', '2', '2016-07-30 09:59:09'),
('100816000274', 1, 288, 'I', '2', '2016-07-30 09:59:09'),
('100816000275', 1, 289, 'I', '2', '2016-07-30 09:59:09'),
('100816000276', 1, 290, 'I', '2', '2016-07-30 09:59:09'),
('100816000277', 1, 291, 'I', '2', '2016-07-30 09:59:09'),
('100816000278', 1, 292, 'I', '2', '2016-07-30 09:59:09'),
('100816000279', 1, 293, 'I', '2', '2016-07-30 09:59:09'),
('100816000280', 1, 294, 'I', '2', '2016-07-30 09:59:09'),
('100816000281', 1, 295, 'I', '2', '2016-07-30 09:59:09'),
('100816000282', 1, 296, 'I', '2', '2016-07-30 09:59:09'),
('100816000283', 1, 297, 'I', '2', '2016-07-30 09:59:09'),
('100816000284', 1, 298, 'I', '2', '2016-07-30 09:59:09'),
('100816000285', 1, 299, 'I', '2', '2016-07-30 09:59:09'),
('100816000286', 1, 300, 'I', '2', '2016-07-30 09:59:09'),
('100816000287', 1, 301, 'I', '2', '2016-07-30 09:59:09'),
('100816000288', 1, 302, 'I', '2', '2016-07-30 09:59:09'),
('100816000289', 1, 303, 'I', '2', '2016-07-30 09:59:09'),
('100816000290', 1, 304, 'I', '2', '2016-07-30 09:59:09'),
('100816000291', 1, 305, 'I', '2', '2016-07-30 09:59:09'),
('100816000292', 1, 306, 'I', '2', '2016-07-30 09:59:09'),
('100816000293', 1, 307, 'I', '2', '2016-07-30 09:59:09'),
('100816000294', 1, 308, 'I', '2', '2016-07-30 09:59:09'),
('100816000295', 1, 309, 'I', '2', '2016-07-30 09:59:09'),
('100816000296', 1, 310, 'I', '2', '2016-07-30 09:59:09'),
('100816000297', 1, 311, 'I', '2', '2016-07-30 09:59:09'),
('100816000298', 1, 312, 'I', '2', '2016-07-30 09:59:09'),
('100816000299', 1, 313, 'I', '2', '2016-07-30 09:59:09'),
('100816000300', 1, 314, 'I', '2', '2016-07-30 09:59:09'),
('100816000301', 1, 315, 'I', '2', '2016-07-30 09:59:09'),
('100816000302', 1, 316, 'I', '2', '2016-07-30 09:59:09'),
('100816000303', 1, 317, 'I', '2', '2016-07-30 09:59:09'),
('100816000304', 1, 318, 'I', '2', '2016-07-30 09:59:09'),
('100816000305', 1, 319, 'I', '2', '2016-07-30 09:59:09'),
('100816000306', 1, 320, 'I', '2', '2016-07-30 09:59:09'),
('100816000307', 1, 321, 'I', '2', '2016-07-30 09:59:09'),
('100816000308', 1, 322, 'I', '2', '2016-07-30 09:59:09'),
('100816000309', 1, 323, 'I', '2', '2016-07-30 09:59:09'),
('100816000310', 1, 324, 'I', '2', '2016-07-30 09:59:09'),
('100816000311', 1, 325, 'I', '2', '2016-07-30 09:59:09'),
('100816000312', 1, 326, 'I', '2', '2016-07-30 09:59:09'),
('100816000313', 1, 327, 'I', '2', '2016-07-30 09:59:09'),
('100816000314', 1, 328, 'I', '2', '2016-07-30 09:59:09'),
('100816000315', 1, 329, 'I', '2', '2016-07-30 09:59:09'),
('100816000316', 1, 330, 'I', '2', '2016-07-30 09:59:09'),
('100816000317', 1, 331, 'I', '2', '2016-07-30 09:59:09'),
('100816000318', 1, 332, 'I', '2', '2016-07-30 09:59:09'),
('100816000319', 1, 333, 'I', '2', '2016-07-30 09:59:09'),
('100816000320', 1, 334, 'I', '2', '2016-07-30 09:59:09'),
('100816000321', 1, 335, 'I', '2', '2016-07-30 09:59:09'),
('100816000322', 1, 336, 'I', '2', '2016-07-30 09:59:09'),
('100816000323', 1, 337, 'I', '2', '2016-07-30 09:59:09'),
('100816000324', 1, 338, 'I', '2', '2016-07-30 09:59:09'),
('100816000325', 1, 339, 'I', '2', '2016-07-30 09:59:09'),
('100816000326', 1, 340, 'I', '2', '2016-07-30 09:59:09'),
('100816000327', 1, 341, 'I', '2', '2016-07-30 09:59:09'),
('100816000328', 1, 342, 'I', '2', '2016-07-30 09:59:09'),
('100816000329', 1, 343, 'I', '2', '2016-07-30 09:59:09'),
('100816000330', 1, 344, 'I', '2', '2016-07-30 09:59:09'),
('100816000331', 1, 345, 'I', '2', '2016-07-30 09:59:09'),
('100816000332', 1, 346, 'I', '2', '2016-07-30 09:59:09'),
('100816000333', 1, 347, 'I', '2', '2016-07-30 09:59:09'),
('100816000334', 1, 348, 'I', '2', '2016-07-30 09:59:09'),
('100816000335', 1, 349, 'I', '2', '2016-07-30 09:59:09'),
('100816000336', 1, 350, 'I', '2', '2016-07-30 09:59:09'),
('100816000337', 1, 351, 'I', '2', '2016-07-30 09:59:09'),
('100816000338', 1, 352, 'I', '2', '2016-07-30 09:59:09'),
('100816000339', 1, 353, 'I', '2', '2016-07-30 09:59:09'),
('100816000340', 1, 354, 'I', '2', '2016-07-30 09:59:09'),
('100816000341', 1, 355, 'I', '2', '2016-07-30 09:59:09'),
('100816000342', 1, 356, 'I', '2', '2016-07-30 09:59:09'),
('100816000343', 1, 357, 'I', '2', '2016-07-30 09:59:09'),
('100816000344', 1, 358, 'I', '2', '2016-07-30 09:59:09'),
('100816000345', 1, 359, 'I', '2', '2016-07-30 09:59:09'),
('100816000346', 1, 360, 'I', '2', '2016-07-30 09:59:09'),
('100816000347', 1, 361, 'I', '2', '2016-07-30 09:59:09'),
('100816000348', 1, 362, 'I', '2', '2016-07-30 09:59:09'),
('100816000349', 1, 363, 'I', '2', '2016-07-30 09:59:09'),
('100816000350', 1, 364, 'I', '2', '2016-07-30 09:59:09'),
('100816000351', 1, 365, 'I', '2', '2016-07-30 09:59:09'),
('100816000352', 1, 366, 'I', '2', '2016-07-30 09:59:09'),
('100816000353', 1, 367, 'I', '2', '2016-07-30 09:59:09'),
('100816000354', 1, 368, 'I', '2', '2016-07-30 09:59:09'),
('100816000355', 1, 369, 'I', '2', '2016-07-30 09:59:09'),
('100816000356', 1, 370, 'I', '2', '2016-07-30 09:59:09'),
('100816000357', 1, 371, 'I', '2', '2016-07-30 09:59:09'),
('100816000358', 1, 372, 'I', '2', '2016-07-30 09:59:09'),
('100816000359', 1, 373, 'I', '2', '2016-07-30 09:59:09'),
('100816000360', 1, 374, 'I', '2', '2016-07-30 09:59:09'),
('100816000361', 1, 375, 'I', '2', '2016-07-30 09:59:09'),
('100816000362', 1, 376, 'I', '2', '2016-07-30 09:59:09'),
('100816000363', 1, 377, 'I', '2', '2016-07-30 09:59:09'),
('100816000364', 1, 378, 'I', '2', '2016-07-30 09:59:09'),
('100816000365', 1, 379, 'I', '2', '2016-07-30 09:59:09'),
('100816000366', 1, 380, 'I', '2', '2016-07-30 09:59:09'),
('100816000367', 1, 381, 'I', '2', '2016-07-30 09:59:09'),
('100816000368', 1, 382, 'I', '2', '2016-07-30 09:59:09'),
('100816000369', 1, 383, 'I', '2', '2016-07-30 09:59:09'),
('100816000370', 1, 384, 'I', '2', '2016-07-30 09:59:09'),
('100816000371', 1, 385, 'I', '2', '2016-07-30 09:59:09'),
('100816000372', 1, 386, 'I', '2', '2016-07-30 09:59:09'),
('100816000373', 1, 387, 'I', '2', '2016-07-30 09:59:09'),
('100816000374', 1, 388, 'I', '2', '2016-07-30 09:59:09'),
('100816000375', 1, 389, 'I', '2', '2016-07-30 09:59:09'),
('100816000376', 1, 390, 'I', '2', '2016-07-30 09:59:09'),
('100816000377', 1, 391, 'I', '2', '2016-07-30 09:59:09'),
('100816000378', 1, 392, 'I', '2', '2016-07-30 09:59:09'),
('100816000379', 1, 393, 'I', '2', '2016-07-30 09:59:09'),
('100816000380', 1, 394, 'I', '2', '2016-07-30 09:59:09'),
('100816000381', 1, 395, 'I', '2', '2016-07-30 09:59:09'),
('100816000382', 1, 396, 'I', '2', '2016-07-30 09:59:09'),
('100816000383', 1, 397, 'I', '2', '2016-07-30 09:59:09'),
('100816000384', 1, 398, 'I', '2', '2016-07-30 09:59:09'),
('100816000385', 1, 399, 'I', '2', '2016-07-30 09:59:09'),
('100816000386', 1, 400, 'I', '2', '2016-07-30 09:59:09'),
('100816000387', 1, 401, 'I', '2', '2016-07-30 09:59:09'),
('100816000388', 1, 402, 'I', '2', '2016-07-30 09:59:09'),
('100816000389', 1, 403, 'I', '2', '2016-07-30 09:59:09'),
('100816000390', 1, 404, 'I', '2', '2016-07-30 09:59:09'),
('100816000391', 1, 405, 'I', '2', '2016-07-30 09:59:09'),
('100816000392', 1, 406, 'I', '2', '2016-07-30 09:59:09'),
('100816000393', 1, 407, 'I', '2', '2016-07-30 09:59:09'),
('100816000394', 1, 408, 'I', '2', '2016-07-30 09:59:09'),
('100816000395', 1, 409, 'I', '2', '2016-07-30 09:59:09'),
('100816000396', 1, 410, 'I', '2', '2016-07-30 09:59:09'),
('100816000397', 1, 411, 'I', '2', '2016-07-30 09:59:09'),
('100816000398', 1, 412, 'I', '2', '2016-07-30 09:59:09'),
('100816000399', 1, 413, 'I', '2', '2016-07-30 09:59:09'),
('100816000400', 1, 414, 'I', '2', '2016-07-30 09:59:09'),
('100816000401', 1, 415, 'I', '2', '2016-07-30 09:59:09'),
('100816000402', 1, 416, 'I', '2', '2016-07-30 09:59:09'),
('100816000403', 1, 417, 'I', '2', '2016-07-30 09:59:09'),
('100816000404', 1, 418, 'I', '2', '2016-07-30 09:59:09'),
('100816000405', 1, 419, 'I', '2', '2016-07-30 09:59:09'),
('100816000406', 1, 420, 'I', '2', '2016-07-30 09:59:09'),
('100816000407', 1, 421, 'I', '2', '2016-07-30 09:59:09'),
('100816000408', 1, 422, 'I', '2', '2016-07-30 09:59:09'),
('100816000409', 1, 423, 'I', '2', '2016-07-30 09:59:09'),
('100816000410', 1, 424, 'I', '2', '2016-07-30 09:59:09'),
('100816000411', 1, 425, 'I', '2', '2016-07-30 09:59:09'),
('100816000412', 1, 426, 'I', '2', '2016-07-30 09:59:09'),
('100816000413', 1, 427, 'I', '2', '2016-07-30 09:59:09'),
('100816000414', 1, 428, 'I', '2', '2016-07-30 09:59:09'),
('100816000415', 1, 429, 'I', '2', '2016-07-30 09:59:09'),
('100816000416', 1, 430, 'I', '2', '2016-07-30 09:59:09'),
('100816000417', 1, 431, 'I', '2', '2016-07-30 09:59:09'),
('100816000418', 1, 432, 'I', '2', '2016-07-30 09:59:09'),
('100816000419', 1, 433, 'I', '2', '2016-07-30 09:59:09'),
('100816000420', 1, 434, 'I', '2', '2016-07-30 09:59:09'),
('100816000421', 1, 435, 'I', '2', '2016-07-30 09:59:09'),
('100816000422', 1, 436, 'I', '2', '2016-07-30 09:59:09'),
('100816000423', 1, 437, 'I', '2', '2016-07-30 09:59:09'),
('100816000424', 1, 438, 'I', '2', '2016-07-30 09:59:09'),
('100816000425', 1, 439, 'I', '2', '2016-07-30 09:59:09'),
('100816000426', 1, 440, 'I', '2', '2016-07-30 09:59:09'),
('100816000427', 1, 441, 'I', '2', '2016-07-30 09:59:09'),
('100816000428', 1, 442, 'I', '2', '2016-07-30 09:59:09'),
('100816000429', 1, 443, 'I', '2', '2016-07-30 09:59:09'),
('100816000430', 1, 444, 'I', '2', '2016-07-30 09:59:09'),
('100816000431', 1, 445, 'I', '2', '2016-07-30 09:59:09'),
('100816000432', 1, 446, 'I', '2', '2016-07-30 09:59:09'),
('100816000433', 1, 447, 'I', '2', '2016-07-30 09:59:09'),
('100816000434', 1, 448, 'I', '2', '2016-07-30 09:59:09'),
('100816000435', 1, 449, 'I', '2', '2016-07-30 09:59:09'),
('100816000436', 1, 450, 'I', '2', '2016-07-30 09:59:09'),
('100816000437', 1, 451, 'I', '2', '2016-07-30 09:59:09'),
('100816000438', 1, 452, 'I', '2', '2016-07-30 09:59:09'),
('100816000439', 1, 453, 'I', '2', '2016-07-30 09:59:09'),
('100816000440', 1, 454, 'I', '2', '2016-07-30 09:59:09'),
('100816000441', 1, 455, 'I', '2', '2016-07-30 09:59:09'),
('100816000442', 1, 456, 'I', '2', '2016-07-30 09:59:09'),
('100816000443', 1, 457, 'I', '2', '2016-07-30 09:59:09'),
('100816000444', 1, 458, 'I', '2', '2016-07-30 09:59:09'),
('100816000445', 1, 459, 'I', '2', '2016-07-30 09:59:09'),
('100816000446', 1, 460, 'I', '2', '2016-07-30 09:59:09'),
('100816000447', 1, 461, 'I', '2', '2016-07-30 09:59:09'),
('100816000448', 1, 462, 'I', '2', '2016-07-30 09:59:09'),
('100816000449', 1, 463, 'I', '2', '2016-07-30 09:59:09'),
('100816000450', 1, 464, 'I', '2', '2016-07-30 09:59:09'),
('100816000451', 1, 465, 'I', '2', '2016-07-30 09:59:09'),
('100816000452', 1, 466, 'I', '2', '2016-07-30 09:59:09'),
('100816000453', 1, 467, 'I', '2', '2016-07-30 09:59:09'),
('100816000454', 1, 468, 'I', '2', '2016-07-30 09:59:09'),
('100816000455', 1, 469, 'I', '2', '2016-07-30 09:59:09'),
('100816000456', 1, 470, 'I', '2', '2016-07-30 09:59:09'),
('100816000457', 1, 471, 'I', '2', '2016-07-30 09:59:09'),
('100816000458', 1, 472, 'I', '2', '2016-07-30 09:59:09'),
('100816000459', 1, 473, 'I', '2', '2016-07-30 09:59:09'),
('100816000460', 1, 474, 'I', '2', '2016-07-30 09:59:09'),
('100816000461', 1, 475, 'I', '2', '2016-07-30 09:59:09'),
('100816000462', 1, 476, 'I', '2', '2016-07-30 09:59:09'),
('100816000463', 1, 477, 'I', '2', '2016-07-30 09:59:09'),
('100816000464', 1, 478, 'I', '2', '2016-07-30 09:59:09'),
('100816000465', 1, 479, 'I', '2', '2016-07-30 09:59:09'),
('100816000466', 1, 480, 'I', '2', '2016-07-30 09:59:09'),
('100816000467', 1, 481, 'I', '2', '2016-07-30 09:59:09'),
('100816000468', 1, 482, 'I', '2', '2016-07-30 09:59:09'),
('100816000469', 1, 483, 'I', '2', '2016-07-30 09:59:09'),
('100816000470', 1, 484, 'I', '2', '2016-07-30 09:59:09'),
('100816000471', 1, 485, 'I', '2', '2016-07-30 09:59:09'),
('100816000472', 1, 486, 'I', '2', '2016-07-30 09:59:09'),
('100816000473', 1, 487, 'I', '2', '2016-07-30 09:59:09'),
('100816000474', 1, 488, 'I', '2', '2016-07-30 09:59:09'),
('100816000475', 1, 489, 'I', '2', '2016-07-30 09:59:09'),
('100816000476', 1, 490, 'I', '2', '2016-07-30 09:59:09'),
('100816000477', 1, 491, 'I', '2', '2016-07-30 09:59:09'),
('100816000478', 1, 492, 'I', '2', '2016-07-30 09:59:09'),
('100816000479', 1, 493, 'I', '2', '2016-07-30 09:59:09'),
('100816000480', 1, 494, 'I', '2', '2016-07-30 09:59:09'),
('100816000481', 1, 495, 'I', '2', '2016-07-30 09:59:09'),
('100816000482', 1, 496, 'I', '2', '2016-07-30 09:59:09'),
('100816000483', 1, 497, 'I', '2', '2016-07-30 09:59:09'),
('100816000484', 1, 498, 'I', '2', '2016-07-30 09:59:09'),
('100816000485', 1, 499, 'I', '2', '2016-07-30 09:59:09'),
('100816000486', 1, 500, 'I', '2', '2016-07-30 09:59:09'),
('100816000487', 1, 501, 'I', '2', '2016-07-30 09:59:09'),
('100816000488', 1, 502, 'I', '2', '2016-07-30 09:59:09'),
('100816000489', 1, 503, 'I', '2', '2016-07-30 09:59:09'),
('100816000490', 1, 504, 'I', '2', '2016-07-30 09:59:09'),
('100816000491', 1, 505, 'I', '2', '2016-07-30 09:59:09'),
('100816000492', 1, 506, 'I', '2', '2016-07-30 09:59:09'),
('100816000493', 1, 507, 'I', '2', '2016-07-30 09:59:09'),
('100816000494', 1, 508, 'I', '2', '2016-07-30 09:59:09'),
('100816000495', 1, 509, 'I', '2', '2016-07-30 09:59:09'),
('100816000496', 1, 510, 'I', '2', '2016-07-30 09:59:09'),
('100816000497', 1, 511, 'I', '2', '2016-07-30 09:59:09'),
('100816000498', 1, 512, 'I', '2', '2016-07-30 09:59:09'),
('100816000499', 1, 513, 'I', '2', '2016-07-30 09:59:09'),
('100816000500', 1, 514, 'I', '2', '2016-07-30 09:59:09'),
('100816000501', 1, 515, 'I', '2', '2016-07-30 09:59:09'),
('100816000502', 1, 516, 'I', '2', '2016-07-30 09:59:09'),
('100816000503', 1, 517, 'I', '2', '2016-07-30 09:59:09'),
('100816000504', 1, 518, 'I', '2', '2016-07-30 09:59:09'),
('100816000505', 1, 519, 'I', '2', '2016-07-30 09:59:09'),
('100816000506', 1, 520, 'I', '2', '2016-07-30 09:59:09'),
('100816000507', 1, 521, 'I', '2', '2016-07-30 09:59:09'),
('100816000508', 1, 522, 'I', '2', '2016-07-30 09:59:09'),
('100816000509', 1, 523, 'I', '2', '2016-07-30 09:59:09'),
('100816000510', 1, 524, 'I', '2', '2016-07-30 09:59:09'),
('100816000511', 1, 525, 'I', '2', '2016-07-30 09:59:09'),
('100816000512', 1, 526, 'I', '2', '2016-07-30 09:59:09'),
('100816000513', 1, 527, 'I', '2', '2016-07-30 09:59:09'),
('100816000514', 1, 528, 'I', '2', '2016-07-30 09:59:09'),
('100816000515', 1, 529, 'I', '2', '2016-07-30 09:59:09'),
('100816000516', 1, 530, 'I', '2', '2016-07-30 09:59:09'),
('100816000517', 1, 531, 'I', '2', '2016-07-30 09:59:09'),
('100816000518', 1, 532, 'I', '2', '2016-07-30 09:59:09'),
('100816000519', 1, 533, 'I', '2', '2016-07-30 09:59:09'),
('100816000520', 1, 534, 'I', '2', '2016-07-30 09:59:09'),
('100816000521', 1, 535, 'I', '2', '2016-07-30 09:59:09'),
('100816000522', 1, 536, 'I', '2', '2016-07-30 09:59:09'),
('100816000523', 1, 537, 'I', '2', '2016-07-30 09:59:09'),
('100816000524', 1, 538, 'I', '2', '2016-07-30 09:59:09'),
('100816000525', 1, 539, 'I', '2', '2016-07-30 09:59:09'),
('100816000526', 1, 540, 'I', '2', '2016-07-30 09:59:09'),
('100816000527', 1, 541, 'I', '2', '2016-07-30 09:59:09'),
('100816000528', 1, 542, 'I', '2', '2016-07-30 09:59:09'),
('100816000529', 1, 543, 'I', '2', '2016-07-30 09:59:09'),
('100816000530', 1, 544, 'I', '2', '2016-07-30 09:59:09'),
('100816000531', 1, 545, 'I', '2', '2016-07-30 09:59:09'),
('100816000532', 1, 546, 'I', '2', '2016-07-30 09:59:09'),
('100816000533', 1, 547, 'I', '2', '2016-07-30 09:59:09'),
('100816000534', 1, 548, 'I', '2', '2016-07-30 09:59:09'),
('100816000535', 1, 549, 'I', '2', '2016-07-30 09:59:09'),
('100816000536', 1, 550, 'I', '2', '2016-07-30 09:59:09'),
('100816000537', 1, 551, 'I', '2', '2016-07-30 09:59:09'),
('100816000538', 1, 552, 'I', '2', '2016-07-30 09:59:09'),
('100816000539', 1, 553, 'I', '2', '2016-07-30 09:59:09'),
('100816000540', 1, 554, 'I', '2', '2016-07-30 09:59:09'),
('100816000541', 1, 555, 'I', '2', '2016-07-30 09:59:09'),
('100816000542', 1, 556, 'I', '2', '2016-07-30 09:59:09'),
('100816000543', 1, 557, 'I', '2', '2016-07-30 09:59:09'),
('100816000544', 1, 558, 'I', '2', '2016-07-30 09:59:09'),
('100816000545', 1, 559, 'I', '2', '2016-07-30 09:59:09'),
('100816000546', 1, 560, 'I', '2', '2016-07-30 09:59:09'),
('100816000547', 1, 561, 'I', '2', '2016-07-30 09:59:09'),
('100816000548', 1, 562, 'I', '2', '2016-07-30 09:59:09'),
('100816000549', 1, 563, 'I', '2', '2016-07-30 09:59:09'),
('100816000550', 1, 564, 'I', '2', '2016-07-30 09:59:09'),
('100816000551', 1, 565, 'I', '2', '2016-07-30 09:59:09'),
('100816000552', 1, 566, 'I', '2', '2016-07-30 09:59:09'),
('100816000553', 1, 567, 'I', '2', '2016-07-30 09:59:09'),
('100816000554', 1, 568, 'I', '2', '2016-07-30 09:59:09'),
('100816000555', 1, 569, 'I', '2', '2016-07-30 09:59:09'),
('100816000556', 1, 570, 'I', '2', '2016-07-30 09:59:09'),
('100816000557', 1, 571, 'I', '2', '2016-07-30 09:59:09'),
('100816000558', 1, 572, 'I', '2', '2016-07-30 09:59:09'),
('100816000559', 1, 573, 'I', '2', '2016-07-30 09:59:09'),
('100816000560', 1, 574, 'I', '2', '2016-07-30 09:59:09'),
('100816000561', 1, 575, 'I', '2', '2016-07-30 09:59:09'),
('100816000562', 1, 576, 'I', '2', '2016-07-30 09:59:09'),
('100816000563', 1, 577, 'I', '2', '2016-07-30 09:59:09'),
('100816000564', 1, 578, 'I', '2', '2016-07-30 09:59:09'),
('100816000565', 1, 579, 'I', '2', '2016-07-30 09:59:09'),
('100816000566', 1, 580, 'I', '2', '2016-07-30 09:59:09'),
('100816000567', 1, 581, 'I', '2', '2016-07-30 09:59:09'),
('100816000568', 1, 582, 'I', '2', '2016-07-30 09:59:09'),
('100816000569', 1, 583, 'I', '2', '2016-07-30 09:59:09'),
('100816000570', 1, 584, 'I', '2', '2016-07-30 09:59:09'),
('100816000571', 1, 585, 'I', '2', '2016-07-30 09:59:09'),
('100816000572', 1, 586, 'I', '2', '2016-07-30 09:59:09'),
('100816000573', 1, 587, 'I', '2', '2016-07-30 09:59:09'),
('100816000574', 1, 588, 'I', '2', '2016-07-30 09:59:09'),
('100816000575', 1, 589, 'I', '2', '2016-07-30 09:59:09'),
('100816000576', 1, 590, 'I', '2', '2016-07-30 09:59:09'),
('100816000577', 1, 591, 'I', '2', '2016-07-30 09:59:09'),
('100816000578', 1, 592, 'I', '2', '2016-07-30 09:59:09'),
('100816000579', 1, 593, 'I', '2', '2016-07-30 09:59:09'),
('100816000580', 1, 594, 'I', '2', '2016-07-30 09:59:09'),
('100816000581', 1, 595, 'I', '2', '2016-07-30 09:59:09'),
('100816000582', 1, 596, 'I', '2', '2016-07-30 09:59:09'),
('100816000583', 1, 597, 'I', '2', '2016-07-30 09:59:09'),
('100816000584', 1, 598, 'I', '2', '2016-07-30 09:59:09'),
('100816000585', 1, 599, 'I', '2', '2016-07-30 09:59:09'),
('100816000586', 1, 600, 'I', '2', '2016-07-30 09:59:09'),
('100816000587', 1, 601, 'I', '2', '2016-07-30 09:59:09'),
('100816000588', 1, 602, 'I', '2', '2016-07-30 09:59:09'),
('100816000589', 1, 603, 'I', '2', '2016-07-30 09:59:09'),
('100816000590', 1, 604, 'I', '2', '2016-07-30 09:59:09'),
('100816000591', 1, 605, 'I', '2', '2016-07-30 09:59:09'),
('100816000592', 1, 606, 'I', '2', '2016-07-30 09:59:09'),
('100816000593', 1, 607, 'I', '2', '2016-07-30 09:59:09'),
('100816000594', 1, 608, 'I', '2', '2016-07-30 09:59:09'),
('100816000595', 1, 609, 'I', '2', '2016-07-30 09:59:09'),
('100816000596', 1, 610, 'I', '2', '2016-07-30 09:59:09'),
('100816000597', 1, 611, 'I', '2', '2016-07-30 09:59:09'),
('100816000598', 1, 612, 'I', '2', '2016-07-30 09:59:09'),
('100816000599', 1, 613, 'I', '2', '2016-07-30 09:59:09'),
('100816000600', 1, 614, 'I', '2', '2016-07-30 09:59:09'),
('100816000601', 1, 615, 'I', '2', '2016-07-30 09:59:09'),
('100816000602', 1, 616, 'I', '2', '2016-07-30 09:59:09'),
('100816000603', 1, 617, 'I', '2', '2016-07-30 09:59:09'),
('100816000604', 1, 618, 'I', '2', '2016-07-30 09:59:09'),
('100816000605', 1, 619, 'I', '2', '2016-07-30 09:59:09'),
('100816000606', 1, 620, 'I', '2', '2016-07-30 09:59:09'),
('100816000607', 1, 621, 'I', '2', '2016-07-30 09:59:09'),
('100816000608', 1, 622, 'I', '2', '2016-07-30 09:59:09'),
('100816000609', 1, 623, 'I', '2', '2016-07-30 09:59:09'),
('100816000610', 1, 624, 'I', '2', '2016-07-30 09:59:09'),
('100816000611', 1, 625, 'I', '2', '2016-07-30 09:59:09'),
('100816000612', 1, 626, 'I', '2', '2016-07-30 09:59:09'),
('100816000613', 1, 627, 'I', '2', '2016-07-30 09:59:09'),
('100816000614', 1, 628, 'I', '2', '2016-07-30 09:59:09'),
('100816000615', 1, 629, 'I', '2', '2016-07-30 09:59:09'),
('100816000616', 1, 630, 'I', '2', '2016-07-30 09:59:09'),
('100816000617', 1, 631, 'I', '2', '2016-07-30 09:59:09'),
('100816000618', 1, 632, 'I', '2', '2016-07-30 09:59:09'),
('100816000619', 1, 633, 'I', '2', '2016-07-30 09:59:09'),
('100816000620', 1, 634, 'I', '2', '2016-07-30 09:59:09'),
('100816000621', 1, 635, 'I', '2', '2016-07-30 09:59:09'),
('100816000622', 1, 636, 'I', '2', '2016-07-30 09:59:09'),
('100816000623', 1, 637, 'I', '2', '2016-07-30 09:59:09'),
('100816000624', 1, 638, 'I', '2', '2016-07-30 09:59:09'),
('100816000625', 1, 639, 'I', '2', '2016-07-30 09:59:09'),
('100816000626', 1, 640, 'I', '2', '2016-07-30 09:59:09'),
('100816000627', 1, 641, 'I', '2', '2016-07-30 09:59:09'),
('100816000628', 1, 642, 'I', '2', '2016-07-30 09:59:09'),
('100816000629', 1, 643, 'I', '2', '2016-07-30 09:59:09'),
('100816000630', 1, 644, 'I', '2', '2016-07-30 09:59:09'),
('100816000631', 1, 645, 'I', '2', '2016-07-30 09:59:09'),
('100816000632', 1, 646, 'I', '2', '2016-07-30 09:59:09'),
('100816000633', 1, 647, 'I', '2', '2016-07-30 09:59:09'),
('100816000634', 1, 648, 'I', '2', '2016-07-30 09:59:09'),
('100816000635', 1, 649, 'I', '2', '2016-07-30 09:59:09'),
('100816000636', 1, 650, 'I', '2', '2016-07-30 09:59:09'),
('100816000637', 1, 651, 'I', '2', '2016-07-30 09:59:09'),
('100816000638', 1, 652, 'I', '2', '2016-07-30 09:59:09'),
('100816000639', 1, 653, 'I', '2', '2016-07-30 09:59:09'),
('100816000640', 1, 654, 'I', '2', '2016-07-30 09:59:09'),
('100816000641', 1, 655, 'I', '2', '2016-07-30 09:59:09'),
('100816000642', 1, 656, 'I', '2', '2016-07-30 09:59:09'),
('100816000643', 1, 657, 'I', '2', '2016-07-30 09:59:09'),
('100816000644', 1, 658, 'I', '2', '2016-07-30 09:59:09'),
('100816000645', 1, 659, 'I', '2', '2016-07-30 09:59:09'),
('100816000646', 1, 660, 'I', '2', '2016-07-30 09:59:09'),
('100816000647', 1, 661, 'I', '2', '2016-07-30 09:59:09'),
('100816000648', 1, 662, 'I', '2', '2016-07-30 09:59:09'),
('100816000649', 1, 663, 'I', '2', '2016-07-30 09:59:09'),
('100816000650', 1, 664, 'I', '2', '2016-07-30 09:59:09'),
('100816000651', 1, 665, 'I', '2', '2016-07-30 09:59:09'),
('100816000652', 1, 666, 'I', '2', '2016-07-30 09:59:09'),
('100816000653', 1, 667, 'I', '2', '2016-07-30 09:59:09'),
('100816000654', 1, 668, 'I', '2', '2016-07-30 09:59:09'),
('100816000655', 1, 669, 'I', '2', '2016-07-30 09:59:09'),
('100816000656', 1, 670, 'I', '2', '2016-07-30 09:59:09'),
('100816000657', 1, 671, 'I', '2', '2016-07-30 09:59:09'),
('100816000658', 1, 672, 'I', '2', '2016-07-30 09:59:09'),
('100816000659', 1, 673, 'I', '2', '2016-07-30 09:59:09'),
('100816000660', 1, 674, 'I', '2', '2016-07-30 09:59:09'),
('100816000661', 1, 675, 'I', '2', '2016-07-30 09:59:09'),
('100816000662', 1, 676, 'I', '2', '2016-07-30 09:59:09'),
('100816000663', 1, 677, 'I', '2', '2016-07-30 09:59:09'),
('100816000664', 1, 678, 'I', '2', '2016-07-30 09:59:09'),
('100816000665', 1, 679, 'I', '2', '2016-07-30 09:59:09'),
('100816000666', 1, 680, 'I', '2', '2016-07-30 09:59:09'),
('100816000667', 1, 681, 'I', '2', '2016-07-30 09:59:09'),
('100816000668', 1, 682, 'I', '2', '2016-07-30 09:59:09'),
('100816000669', 1, 683, 'I', '2', '2016-07-30 09:59:09'),
('100816000670', 1, 684, 'I', '2', '2016-07-30 09:59:09'),
('100816000671', 1, 685, 'I', '2', '2016-07-30 09:59:09'),
('100816000672', 1, 686, 'I', '2', '2016-07-30 09:59:09'),
('100816000673', 1, 687, 'I', '2', '2016-07-30 09:59:09'),
('100816000674', 1, 688, 'I', '2', '2016-07-30 09:59:09'),
('100816000675', 1, 689, 'I', '2', '2016-07-30 09:59:09'),
('100816000676', 1, 690, 'I', '2', '2016-07-30 09:59:09'),
('100816000677', 1, 691, 'I', '2', '2016-07-30 09:59:09'),
('100816000678', 1, 692, 'I', '2', '2016-07-30 09:59:09'),
('100816000679', 1, 693, 'I', '2', '2016-07-30 09:59:09'),
('100816000680', 1, 694, 'I', '2', '2016-07-30 09:59:09'),
('100816000681', 1, 695, 'I', '2', '2016-07-30 09:59:09'),
('100816000682', 1, 696, 'I', '2', '2016-07-30 09:59:09'),
('100816000683', 1, 697, 'I', '2', '2016-07-30 09:59:09'),
('100816000684', 1, 698, 'I', '2', '2016-07-30 09:59:09'),
('100816000685', 1, 699, 'I', '2', '2016-07-30 09:59:09'),
('100816000686', 1, 700, 'I', '2', '2016-07-30 09:59:09'),
('100816000687', 1, 701, 'I', '2', '2016-07-30 09:59:09'),
('100816000688', 1, 702, 'I', '2', '2016-07-30 09:59:09'),
('100816000689', 1, 703, 'I', '2', '2016-07-30 09:59:09'),
('100816000690', 1, 704, 'I', '2', '2016-07-30 09:59:09'),
('100816000691', 1, 705, 'I', '2', '2016-07-30 09:59:09'),
('100816000692', 1, 706, 'I', '2', '2016-07-30 09:59:09'),
('100816000693', 1, 707, 'I', '2', '2016-07-30 09:59:09'),
('100816000694', 1, 708, 'I', '2', '2016-07-30 09:59:09'),
('100816000695', 1, 709, 'I', '2', '2016-07-30 09:59:09'),
('100816000696', 1, 710, 'I', '2', '2016-07-30 09:59:09'),
('100816000697', 1, 711, 'I', '2', '2016-07-30 09:59:09'),
('100816000698', 1, 712, 'I', '2', '2016-07-30 09:59:09'),
('100816000699', 1, 713, 'I', '2', '2016-07-30 09:59:09'),
('100816000700', 1, 714, 'I', '2', '2016-07-30 09:59:09'),
('100816000701', 1, 715, 'I', '2', '2016-07-30 09:59:09'),
('100816000702', 1, 716, 'I', '2', '2016-07-30 09:59:09'),
('100816000703', 1, 717, 'I', '2', '2016-07-30 09:59:09'),
('100816000704', 1, 718, 'I', '2', '2016-07-30 09:59:09'),
('100816000705', 1, 719, 'I', '2', '2016-07-30 09:59:09'),
('100816000706', 1, 720, 'I', '2', '2016-07-30 09:59:09'),
('100816000707', 1, 721, 'I', '2', '2016-07-30 09:59:09'),
('100816000708', 1, 722, 'I', '2', '2016-07-30 09:59:09'),
('100816000709', 1, 723, 'I', '2', '2016-07-30 09:59:09'),
('100816000710', 1, 724, 'I', '2', '2016-07-30 09:59:09'),
('100816000711', 1, 725, 'I', '2', '2016-07-30 09:59:09'),
('100816000712', 1, 726, 'I', '2', '2016-07-30 09:59:09'),
('100816000713', 1, 727, 'I', '2', '2016-07-30 09:59:09'),
('100816000714', 1, 728, 'I', '2', '2016-07-30 09:59:09'),
('100816000715', 1, 729, 'I', '2', '2016-07-30 09:59:10'),
('100816000716', 1, 730, 'I', '2', '2016-07-30 09:59:10'),
('100816000717', 1, 731, 'I', '2', '2016-07-30 09:59:10'),
('100816000718', 1, 732, 'I', '2', '2016-07-30 09:59:10'),
('100816000719', 1, 733, 'I', '2', '2016-07-30 09:59:10'),
('100816000720', 1, 734, 'I', '2', '2016-07-30 09:59:10'),
('100816000721', 1, 735, 'I', '2', '2016-07-30 09:59:10'),
('100816000722', 1, 736, 'I', '2', '2016-07-30 09:59:10'),
('100816000723', 1, 737, 'I', '2', '2016-07-30 09:59:10'),
('100816000724', 1, 738, 'I', '2', '2016-07-30 09:59:10'),
('100816000725', 1, 739, 'I', '2', '2016-07-30 09:59:10'),
('100816000726', 1, 740, 'I', '2', '2016-07-30 09:59:10'),
('100816000727', 1, 741, 'I', '2', '2016-07-30 09:59:10'),
('100816000728', 1, 742, 'I', '2', '2016-07-30 09:59:10'),
('100816000729', 1, 743, 'I', '2', '2016-07-30 09:59:10'),
('100816000730', 1, 744, 'I', '2', '2016-07-30 09:59:10'),
('100816000731', 1, 745, 'I', '2', '2016-07-30 09:59:10'),
('100816000732', 1, 746, 'I', '2', '2016-07-30 09:59:10'),
('100816000733', 1, 747, 'I', '2', '2016-07-30 09:59:10'),
('100816000734', 1, 748, 'I', '2', '2016-07-30 09:59:10'),
('100816000735', 1, 749, 'I', '2', '2016-07-30 09:59:10'),
('100816000736', 1, 750, 'I', '2', '2016-07-30 09:59:10'),
('100816000737', 1, 751, 'I', '2', '2016-07-30 09:59:10'),
('100816000738', 1, 752, 'I', '2', '2016-07-30 09:59:10'),
('100816000739', 1, 753, 'I', '2', '2016-07-30 09:59:10'),
('100816000740', 1, 754, 'I', '2', '2016-07-30 09:59:10'),
('100816000741', 1, 755, 'I', '2', '2016-07-30 09:59:10'),
('100816000742', 1, 756, 'I', '2', '2016-07-30 09:59:10'),
('100816000743', 1, 757, 'I', '2', '2016-07-30 09:59:10'),
('100816000744', 1, 758, 'I', '2', '2016-07-30 09:59:10'),
('100816000745', 1, 759, 'I', '2', '2016-07-30 09:59:10'),
('100816000746', 1, 760, 'I', '2', '2016-07-30 09:59:10'),
('100816000747', 1, 761, 'I', '2', '2016-07-30 09:59:10'),
('100816000748', 1, 762, 'I', '2', '2016-07-30 09:59:10'),
('100816000749', 1, 763, 'I', '2', '2016-07-30 09:59:10'),
('100816000750', 1, 764, 'I', '2', '2016-07-30 09:59:10'),
('100816000751', 1, 765, 'I', '2', '2016-07-30 09:59:10'),
('100816000752', 1, 766, 'I', '2', '2016-07-30 09:59:10'),
('100816000753', 1, 767, 'I', '2', '2016-07-30 09:59:10'),
('100816000754', 1, 768, 'I', '2', '2016-07-30 09:59:10'),
('100816000755', 1, 769, 'I', '2', '2016-07-30 09:59:10'),
('100816000756', 1, 770, 'I', '2', '2016-07-30 09:59:10'),
('100816000757', 1, 771, 'I', '2', '2016-07-30 09:59:10'),
('100816000758', 1, 772, 'I', '2', '2016-07-30 09:59:10'),
('100816000759', 1, 773, 'I', '2', '2016-07-30 09:59:10'),
('100816000760', 1, 774, 'I', '2', '2016-07-30 09:59:10'),
('100816000761', 1, 775, 'I', '2', '2016-07-30 09:59:10'),
('100816000762', 1, 776, 'I', '2', '2016-07-30 09:59:10'),
('100816000763', 1, 777, 'I', '2', '2016-07-30 09:59:10'),
('100816000764', 1, 778, 'I', '2', '2016-07-30 09:59:10'),
('100816000765', 1, 779, 'I', '2', '2016-07-30 09:59:10'),
('100816000766', 1, 780, 'I', '2', '2016-07-30 09:59:10'),
('100816000767', 1, 781, 'I', '2', '2016-07-30 09:59:10'),
('100816000768', 1, 782, 'I', '2', '2016-07-30 09:59:10'),
('100816000769', 1, 783, 'I', '2', '2016-07-30 09:59:10'),
('100816000770', 1, 784, 'I', '2', '2016-07-30 09:59:10'),
('100816000771', 1, 785, 'I', '2', '2016-07-30 09:59:10'),
('100816000772', 1, 786, 'I', '2', '2016-07-30 09:59:10'),
('100816000773', 1, 787, 'I', '2', '2016-07-30 09:59:10'),
('100816000774', 1, 788, 'I', '2', '2016-07-30 09:59:10'),
('100816000775', 1, 789, 'I', '2', '2016-07-30 09:59:10'),
('100816000776', 1, 790, 'I', '2', '2016-07-30 09:59:10'),
('100816000777', 1, 791, 'I', '2', '2016-07-30 09:59:10'),
('100816000778', 1, 792, 'I', '2', '2016-07-30 09:59:10'),
('100816000779', 1, 793, 'I', '2', '2016-07-30 09:59:10'),
('100816000780', 1, 794, 'I', '2', '2016-07-30 09:59:10'),
('100816000781', 1, 795, 'I', '2', '2016-07-30 09:59:10'),
('100816000782', 1, 796, 'I', '2', '2016-07-30 09:59:10'),
('100816000783', 1, 797, 'I', '2', '2016-07-30 09:59:10'),
('100816000784', 1, 798, 'I', '2', '2016-07-30 09:59:10'),
('100816000785', 1, 799, 'I', '2', '2016-07-30 09:59:10'),
('100816000786', 1, 800, 'I', '2', '2016-07-30 09:59:10'),
('100816000787', 1, 801, 'I', '2', '2016-07-30 09:59:10'),
('100816000788', 1, 802, 'I', '2', '2016-07-30 09:59:10'),
('100816000789', 1, 803, 'I', '2', '2016-07-30 09:59:10'),
('100816000790', 1, 804, 'I', '2', '2016-07-30 09:59:10'),
('100816000791', 1, 805, 'I', '2', '2016-07-30 09:59:10'),
('100816000792', 1, 806, 'I', '2', '2016-07-30 09:59:10'),
('100816000793', 1, 807, 'I', '2', '2016-07-30 09:59:10'),
('100816000794', 1, 808, 'I', '2', '2016-07-30 09:59:10'),
('100816000795', 1, 809, 'I', '2', '2016-07-30 09:59:10'),
('100816000796', 1, 810, 'I', '2', '2016-07-30 09:59:10'),
('100816000797', 1, 811, 'I', '2', '2016-07-30 09:59:10'),
('100816000798', 1, 812, 'I', '2', '2016-07-30 09:59:10'),
('100816000799', 1, 813, 'I', '2', '2016-07-30 09:59:10'),
('100816000800', 1, 814, 'I', '2', '2016-07-30 09:59:10'),
('100816000801', 1, 815, 'I', '2', '2016-07-30 09:59:10'),
('100816000802', 1, 816, 'I', '2', '2016-07-30 09:59:10'),
('100816000803', 1, 817, 'I', '2', '2016-07-30 09:59:10'),
('100816000804', 1, 818, 'I', '2', '2016-07-30 09:59:10'),
('100816000805', 1, 819, 'I', '2', '2016-07-30 09:59:10'),
('100816000806', 1, 820, 'I', '2', '2016-07-30 09:59:10'),
('100816000807', 1, 821, 'I', '2', '2016-07-30 09:59:10'),
('100816000808', 1, 822, 'I', '2', '2016-07-30 09:59:10'),
('100816000809', 1, 823, 'I', '2', '2016-07-30 09:59:10'),
('100816000810', 1, 824, 'I', '2', '2016-07-30 09:59:10'),
('100816000811', 1, 825, 'I', '2', '2016-07-30 09:59:10'),
('100816000812', 1, 826, 'I', '2', '2016-07-30 09:59:10'),
('100816000813', 1, 827, 'I', '2', '2016-07-30 09:59:10'),
('100816000814', 1, 828, 'I', '2', '2016-07-30 09:59:10'),
('100816000815', 1, 829, 'I', '2', '2016-07-30 09:59:10'),
('100816000816', 1, 830, 'I', '2', '2016-07-30 09:59:10'),
('100816000817', 1, 831, 'I', '2', '2016-07-30 09:59:10'),
('100816000818', 1, 832, 'I', '2', '2016-07-30 09:59:10'),
('100816000819', 1, 833, 'I', '2', '2016-07-30 09:59:10'),
('100816000820', 1, 834, 'I', '2', '2016-07-30 09:59:10'),
('100816000821', 1, 835, 'I', '2', '2016-07-30 09:59:10'),
('100816000822', 1, 836, 'I', '2', '2016-07-30 09:59:10'),
('100816000823', 1, 837, 'I', '2', '2016-07-30 09:59:10'),
('100816000824', 1, 838, 'I', '2', '2016-07-30 09:59:10'),
('100816000825', 1, 839, 'I', '2', '2016-07-30 09:59:10'),
('100816000826', 1, 840, 'I', '2', '2016-07-30 09:59:10'),
('100816000827', 1, 841, 'I', '2', '2016-07-30 09:59:10'),
('100816000828', 1, 842, 'I', '2', '2016-07-30 09:59:10'),
('100816000829', 1, 843, 'I', '2', '2016-07-30 09:59:10'),
('100816000830', 1, 844, 'I', '2', '2016-07-30 09:59:10'),
('100816000831', 1, 845, 'I', '2', '2016-07-30 09:59:10'),
('100816000832', 1, 846, 'I', '2', '2016-07-30 09:59:10'),
('100816000833', 1, 847, 'I', '2', '2016-07-30 09:59:10'),
('100816000834', 1, 848, 'I', '2', '2016-07-30 09:59:10'),
('100816000835', 1, 849, 'I', '2', '2016-07-30 09:59:10'),
('100816000836', 1, 850, 'I', '2', '2016-07-30 09:59:10'),
('100816000837', 1, 851, 'I', '2', '2016-07-30 09:59:10'),
('100816000838', 1, 852, 'I', '2', '2016-07-30 09:59:10'),
('100816000839', 1, 853, 'I', '2', '2016-07-30 09:59:10'),
('100816000840', 1, 854, 'I', '2', '2016-07-30 09:59:10'),
('100816000841', 1, 855, 'I', '2', '2016-07-30 09:59:10'),
('100816000842', 1, 856, 'I', '2', '2016-07-30 09:59:10'),
('100816000843', 1, 857, 'I', '2', '2016-07-30 09:59:10'),
('100816000844', 1, 858, 'I', '2', '2016-07-30 09:59:10'),
('100816000845', 1, 859, 'I', '2', '2016-07-30 09:59:10'),
('100816000846', 1, 860, 'I', '2', '2016-07-30 09:59:10'),
('100816000847', 1, 861, 'I', '2', '2016-07-30 09:59:10'),
('100816000848', 1, 862, 'I', '2', '2016-07-30 09:59:10'),
('100816000849', 1, 863, 'I', '2', '2016-07-30 09:59:10'),
('100816000850', 1, 864, 'I', '2', '2016-07-30 09:59:10'),
('100816000851', 1, 865, 'I', '2', '2016-07-30 09:59:10'),
('100816000852', 1, 866, 'I', '2', '2016-07-30 09:59:10'),
('100816000853', 1, 867, 'I', '2', '2016-07-30 09:59:10'),
('100816000854', 1, 868, 'I', '2', '2016-07-30 09:59:10'),
('100816000855', 1, 869, 'I', '2', '2016-07-30 09:59:10'),
('100816000856', 1, 870, 'I', '2', '2016-07-30 09:59:10'),
('100816000857', 1, 871, 'I', '2', '2016-07-30 09:59:10'),
('100816000858', 1, 872, 'I', '2', '2016-07-30 09:59:10'),
('100816000859', 1, 873, 'I', '2', '2016-07-30 09:59:10'),
('100816000860', 1, 874, 'I', '2', '2016-07-30 09:59:10'),
('100816000861', 1, 875, 'I', '2', '2016-07-30 09:59:10'),
('100816000862', 1, 876, 'I', '2', '2016-07-30 09:59:10'),
('100816000863', 1, 877, 'I', '2', '2016-07-30 09:59:10'),
('100816000864', 1, 878, 'I', '2', '2016-07-30 09:59:10'),
('100816000865', 1, 879, 'I', '2', '2016-07-30 09:59:10'),
('100816000866', 1, 880, 'I', '2', '2016-07-30 09:59:10'),
('100816000867', 1, 881, 'I', '2', '2016-07-30 09:59:10'),
('100816000868', 1, 882, 'I', '2', '2016-07-30 09:59:10'),
('100816000869', 1, 883, 'I', '2', '2016-07-30 09:59:10'),
('100816000870', 1, 884, 'I', '2', '2016-07-30 09:59:10'),
('100816000871', 1, 885, 'I', '2', '2016-07-30 09:59:10'),
('100816000872', 1, 886, 'I', '2', '2016-07-30 09:59:10'),
('100816000873', 1, 887, 'I', '2', '2016-07-30 09:59:10'),
('100816000874', 1, 888, 'I', '2', '2016-07-30 09:59:10'),
('100816000875', 1, 889, 'I', '2', '2016-07-30 09:59:10'),
('100816000876', 1, 890, 'I', '2', '2016-07-30 09:59:10');
INSERT INTO `card` (`card_id`, `event_id`, `participant_id`, `_status`, `_user`, `_date`) VALUES
('100816000877', 1, 891, 'I', '2', '2016-07-30 09:59:10'),
('100816000878', 1, 892, 'I', '2', '2016-07-30 09:59:10'),
('100816000879', 1, 893, 'I', '2', '2016-07-30 09:59:10'),
('100816000880', 1, 894, 'I', '2', '2016-07-30 09:59:10'),
('100816000881', 1, 895, 'I', '2', '2016-07-30 09:59:10'),
('100816000882', 1, 896, 'I', '2', '2016-07-30 09:59:10'),
('100816000883', 1, 897, 'I', '2', '2016-07-30 09:59:10'),
('100816000884', 1, 898, 'I', '2', '2016-07-30 09:59:10'),
('100816000885', 1, 899, 'I', '2', '2016-07-30 09:59:10'),
('100816000886', 1, 900, 'I', '2', '2016-07-30 09:59:10'),
('100816000887', 1, 901, 'I', '2', '2016-07-30 09:59:10'),
('100816000888', 1, 902, 'I', '2', '2016-07-30 09:59:10'),
('100816000889', 1, 903, 'I', '2', '2016-07-30 09:59:10'),
('100816000890', 1, 904, 'I', '2', '2016-07-30 09:59:10'),
('100816000891', 1, 905, 'I', '2', '2016-07-30 09:59:10'),
('100816000892', 1, 906, 'I', '2', '2016-07-30 09:59:10'),
('100816000893', 1, 907, 'I', '2', '2016-07-30 09:59:10'),
('100816000894', 1, 908, 'I', '2', '2016-07-30 09:59:10'),
('100816000895', 1, 909, 'I', '2', '2016-07-30 09:59:10'),
('100816000896', 1, 910, 'I', '2', '2016-07-30 09:59:10'),
('100816000897', 1, 911, 'I', '2', '2016-07-30 09:59:10'),
('100816000898', 1, 912, 'I', '2', '2016-07-30 09:59:10'),
('100816000899', 1, 913, 'I', '2', '2016-07-30 09:59:10'),
('100816000900', 1, 914, 'I', '2', '2016-07-30 09:59:10'),
('100816000901', 1, 915, 'I', '2', '2016-07-30 09:59:10'),
('100816000902', 1, 916, 'I', '2', '2016-07-30 09:59:10'),
('100816000903', 1, 917, 'I', '2', '2016-07-30 09:59:10'),
('100816000904', 1, 918, 'I', '2', '2016-07-30 09:59:10'),
('100816000905', 1, 919, 'I', '2', '2016-07-30 09:59:10'),
('100816000906', 1, 920, 'I', '2', '2016-07-30 09:59:10'),
('100816000907', 1, 921, 'I', '2', '2016-07-30 09:59:10'),
('100816000908', 1, 922, 'I', '2', '2016-07-30 09:59:10'),
('100816000909', 1, 923, 'I', '2', '2016-07-30 09:59:10'),
('100816000910', 1, 924, 'I', '2', '2016-07-30 09:59:10'),
('100816000911', 1, 925, 'I', '2', '2016-07-30 09:59:10'),
('100816000912', 1, 926, 'I', '2', '2016-07-30 09:59:10'),
('100816000913', 1, 927, 'I', '2', '2016-07-30 09:59:10'),
('100816000914', 1, 928, 'I', '2', '2016-07-30 09:59:10'),
('100816000915', 1, 929, 'I', '2', '2016-07-30 09:59:10'),
('100816000916', 1, 930, 'I', '2', '2016-07-30 09:59:10'),
('100816000917', 1, 931, 'I', '2', '2016-07-30 09:59:10'),
('100816000918', 1, 932, 'I', '2', '2016-07-30 09:59:10'),
('100816000919', 1, 933, 'I', '2', '2016-07-30 09:59:10'),
('100816000920', 1, 934, 'I', '2', '2016-07-30 09:59:10'),
('100816000921', 1, 935, 'I', '2', '2016-07-30 09:59:10'),
('100816000922', 1, 936, 'I', '2', '2016-07-30 09:59:10'),
('100816000923', 1, 937, 'I', '2', '2016-07-30 09:59:10'),
('100816000924', 1, 938, 'I', '2', '2016-07-30 09:59:10'),
('100816000925', 1, 939, 'I', '2', '2016-07-30 09:59:10'),
('100816000926', 1, 940, 'I', '2', '2016-07-30 09:59:10'),
('100816000927', 1, 941, 'I', '2', '2016-07-30 09:59:10'),
('100816000928', 1, 942, 'I', '2', '2016-07-30 09:59:10'),
('100816000929', 1, 943, 'I', '2', '2016-07-30 09:59:10'),
('100816000930', 1, 944, 'I', '2', '2016-07-30 09:59:10'),
('100816000931', 1, 945, 'I', '2', '2016-07-30 09:59:10'),
('100816000932', 1, 946, 'I', '2', '2016-07-30 09:59:10'),
('100816000933', 1, 947, 'I', '2', '2016-07-30 09:59:10'),
('100816000934', 1, 948, 'I', '2', '2016-07-30 09:59:10'),
('100816000935', 1, 949, 'I', '2', '2016-07-30 09:59:10'),
('100816000936', 1, 950, 'I', '2', '2016-07-30 09:59:10'),
('100816000937', 1, 951, 'I', '2', '2016-07-30 09:59:10'),
('100816000938', 1, 952, 'I', '2', '2016-07-30 09:59:10'),
('100816000939', 1, 953, 'I', '2', '2016-07-30 09:59:10'),
('100816000940', 1, 954, 'I', '2', '2016-07-30 09:59:10'),
('100816000941', 1, 955, 'I', '2', '2016-07-30 09:59:10'),
('100816000942', 1, 956, 'I', '2', '2016-07-30 09:59:10'),
('100816000943', 1, 957, 'I', '2', '2016-07-30 09:59:10'),
('100816000944', 1, 958, 'I', '2', '2016-07-30 09:59:10'),
('100816000945', 1, 959, 'I', '2', '2016-07-30 09:59:10'),
('100816000946', 1, 960, 'I', '2', '2016-07-30 09:59:10'),
('100816000947', 1, 961, 'I', '2', '2016-07-30 09:59:10'),
('100816000948', 1, 962, 'I', '2', '2016-07-30 09:59:10'),
('100816000949', 1, 963, 'I', '2', '2016-07-30 09:59:10'),
('100816000950', 1, 964, 'I', '2', '2016-07-30 09:59:10'),
('100816000951', 1, 965, 'I', '2', '2016-07-30 09:59:10'),
('100816000952', 1, 966, 'I', '2', '2016-07-30 09:59:10'),
('100816000953', 1, 967, 'I', '2', '2016-07-30 09:59:10'),
('100816000954', 1, 968, 'I', '2', '2016-07-30 09:59:10'),
('100816000955', 1, 969, 'I', '2', '2016-07-30 09:59:10'),
('100816000956', 1, 970, 'I', '2', '2016-07-30 09:59:10'),
('100816000957', 1, 971, 'I', '2', '2016-07-30 09:59:10'),
('100816000958', 1, 972, 'I', '2', '2016-07-30 09:59:10'),
('100816000959', 1, 973, 'I', '2', '2016-07-30 09:59:10'),
('100816000960', 1, 974, 'I', '2', '2016-07-30 09:59:10'),
('100816000961', 1, 975, 'I', '2', '2016-07-30 09:59:10'),
('100816000962', 1, 976, 'I', '2', '2016-07-30 09:59:10'),
('100816000963', 1, 977, 'I', '2', '2016-07-30 09:59:10'),
('100816000964', 1, 978, 'I', '2', '2016-07-30 09:59:10'),
('100816000965', 1, 979, 'I', '2', '2016-07-30 09:59:10'),
('100816000966', 1, 980, 'I', '2', '2016-07-30 09:59:10'),
('100816000967', 1, 981, 'I', '2', '2016-07-30 09:59:10'),
('100816000968', 1, 982, 'I', '2', '2016-07-30 09:59:10'),
('100816000969', 1, 983, 'I', '2', '2016-07-30 09:59:10'),
('100816000970', 1, 984, 'I', '2', '2016-07-30 09:59:10'),
('100816000971', 1, 985, 'I', '2', '2016-07-30 09:59:10'),
('100816000972', 1, 986, 'I', '2', '2016-07-30 09:59:10'),
('100816000973', 1, 987, 'I', '2', '2016-07-30 09:59:10'),
('100816000974', 1, 988, 'I', '2', '2016-07-30 09:59:10'),
('100816000975', 1, 989, 'I', '2', '2016-07-30 09:59:10'),
('100816000976', 1, 990, 'I', '2', '2016-07-30 09:59:10'),
('100816000977', 1, 991, 'I', '2', '2016-07-30 09:59:10'),
('100816000978', 1, 992, 'I', '2', '2016-07-30 09:59:10'),
('100816000979', 1, 993, 'I', '2', '2016-07-30 09:59:10'),
('100816000980', 1, 994, 'I', '2', '2016-07-30 09:59:10'),
('100816000981', 1, 995, 'I', '2', '2016-07-30 09:59:10'),
('100816000982', 1, 996, 'I', '2', '2016-07-30 09:59:10'),
('100816000983', 1, 997, 'I', '2', '2016-07-30 09:59:10'),
('100816000984', 1, 998, 'I', '2', '2016-07-30 09:59:10'),
('100816000985', 1, 999, 'I', '2', '2016-07-30 09:59:10'),
('100816000986', 1, 1000, 'I', '2', '2016-07-30 09:59:10'),
('100816000987', 1, 1001, 'I', '2', '2016-07-30 09:59:10'),
('100816000988', 1, 1002, 'I', '2', '2016-07-30 09:59:10'),
('100816000989', 1, 1003, 'I', '2', '2016-07-30 09:59:10'),
('100816000990', 1, 1004, 'I', '2', '2016-07-30 09:59:10'),
('100816000991', 1, 1005, 'I', '2', '2016-07-30 09:59:10'),
('100816000992', 1, 1006, 'I', '2', '2016-07-30 09:59:10'),
('100816000993', 1, 1007, 'I', '2', '2016-07-30 09:59:10'),
('100816000994', 1, 1008, 'I', '2', '2016-07-30 09:59:10'),
('100816000995', 1, 1009, 'I', '2', '2016-07-30 09:59:10'),
('100816000996', 1, 1010, 'I', '2', '2016-07-30 09:59:10'),
('100816000997', 1, 1011, 'I', '2', '2016-07-30 09:59:10'),
('100816000998', 1, 1012, 'I', '2', '2016-07-30 09:59:10'),
('100816000999', 1, 1013, 'I', '2', '2016-07-30 09:59:10'),
('100816001000', 1, 1014, 'I', '2', '2016-07-30 09:59:10'),
('100816001001', 1, 1015, 'I', '2', '2016-07-30 09:59:10'),
('100816001002', 1, 1016, 'I', '2', '2016-07-30 09:59:10'),
('100816001003', 1, 1017, 'I', '2', '2016-07-30 09:59:10'),
('100816001004', 1, 1018, 'I', '2', '2016-07-30 09:59:10'),
('100816001005', 1, 1019, 'I', '2', '2016-07-30 09:59:10'),
('100816001006', 1, 1020, 'I', '2', '2016-07-30 09:59:10'),
('100816001007', 1, 1021, 'I', '2', '2016-07-30 09:59:10'),
('100816001008', 1, 1022, 'I', '2', '2016-07-30 09:59:10'),
('100816001009', 1, 1023, 'I', '2', '2016-07-30 09:59:10'),
('100816001010', 1, 1024, 'I', '2', '2016-07-30 09:59:10'),
('100816001011', 1, 1025, 'I', '2', '2016-07-30 09:59:10'),
('100816001012', 1, 1026, 'I', '2', '2016-07-30 09:59:10'),
('100816001013', 1, 1027, 'I', '2', '2016-07-30 09:59:10'),
('100816001014', 1, 1028, 'I', '2', '2016-07-30 09:59:10'),
('100816001015', 1, 1029, 'I', '2', '2016-07-30 09:59:10'),
('100816001016', 1, 1030, 'I', '2', '2016-07-30 09:59:10'),
('100816001017', 1, 1031, 'I', '2', '2016-07-30 09:59:10'),
('100816001018', 1, 1032, 'I', '2', '2016-07-30 09:59:10'),
('100816001019', 1, 1033, 'I', '2', '2016-07-30 09:59:10'),
('100816001020', 1, 1034, 'I', '2', '2016-07-30 09:59:10'),
('100816001021', 1, 1035, 'I', '2', '2016-07-30 09:59:10'),
('100816001022', 1, 1036, 'I', '2', '2016-07-30 09:59:10'),
('100816001023', 1, 1037, 'I', '2', '2016-07-30 09:59:10'),
('100816001024', 1, 1038, 'I', '2', '2016-07-30 09:59:10'),
('100816001025', 1, 1039, 'I', '2', '2016-07-30 09:59:10'),
('100816001026', 1, 1040, 'I', '2', '2016-07-30 09:59:10'),
('100816001027', 1, 1041, 'I', '2', '2016-07-30 09:59:10'),
('100816001028', 1, 1042, 'I', '2', '2016-07-30 09:59:10'),
('100816001029', 1, 1043, 'I', '2', '2016-07-30 09:59:10'),
('100816001030', 1, 1044, 'I', '2', '2016-07-30 09:59:10'),
('100816001031', 1, 1045, 'I', '2', '2016-07-30 09:59:10'),
('100816001032', 1, 1046, 'I', '2', '2016-07-30 09:59:10'),
('100816001033', 1, 1047, 'I', '2', '2016-07-30 09:59:10'),
('100816001034', 1, 1048, 'I', '2', '2016-07-30 09:59:10'),
('100816001035', 1, 1049, 'I', '2', '2016-07-30 09:59:10'),
('100816001036', 1, 1050, 'I', '2', '2016-07-30 09:59:10'),
('100816001037', 1, 1051, 'I', '2', '2016-07-30 09:59:10'),
('100816001038', 1, 1052, 'I', '2', '2016-07-30 09:59:10'),
('100816001039', 1, 1053, 'I', '2', '2016-07-30 09:59:10'),
('100816001040', 1, 1054, 'I', '2', '2016-07-30 09:59:10'),
('100816001041', 1, 1055, 'I', '2', '2016-07-30 09:59:10'),
('100816001042', 1, 1056, 'I', '2', '2016-07-30 09:59:10'),
('100816001043', 1, 1057, 'I', '2', '2016-07-30 09:59:10'),
('100816001044', 1, 1058, 'I', '2', '2016-07-30 09:59:10'),
('100816001045', 1, 1059, 'I', '2', '2016-07-30 09:59:10'),
('100816001046', 1, 1060, 'I', '2', '2016-07-30 09:59:10'),
('100816001047', 1, 1061, 'I', '2', '2016-07-30 09:59:10'),
('100816001048', 1, 1062, 'I', '2', '2016-07-30 09:59:10'),
('100816001049', 1, 1063, 'I', '2', '2016-07-30 09:59:10'),
('100816001050', 1, 1064, 'I', '2', '2016-07-30 09:59:10'),
('100816001051', 1, 1065, 'I', '2', '2016-07-30 09:59:10'),
('100816001052', 1, 1066, 'I', '2', '2016-07-30 09:59:10'),
('100816001053', 1, 1067, 'I', '2', '2016-07-30 09:59:10'),
('102030', 1, 1082, 'I', '2', '2016-08-04 10:33:15'),
('20160728070834', 1, 1, 'U', '2', '2016-07-28 07:08:34'),
('20160728070929', 1, 2, 'U', '2', '2016-07-29 21:29:27'),
('20160730091739', 1, 9, 'I', '1', '2016-07-30 09:17:42'),
('20160730091751', 1, 9, 'I', '2', '2016-07-30 09:17:51'),
('20160730091804', 1, 11, 'I', '1', '2016-07-30 09:18:06'),
('20160730091833', 1, 11, 'I', '2', '2016-07-30 09:18:33'),
('20160730092335', 1, 12, 'I', '2', '2016-07-30 09:23:35'),
('20160730092405', 1, 13, 'I', '2', '2016-07-30 09:24:05'),
('20160730092407', 1, 14, 'I', '2', '2016-07-30 09:24:07'),
('20160730100220', 1, 15, 'I', '1', '2016-07-30 10:02:32'),
('20160730101746', 1, 16, 'U', '1', '2016-07-30 10:17:57'),
('20160730103059', 1, 1070, 'I', '1', '2016-07-30 10:31:11'),
('20160730104441', 1, 1071, 'I', '1', '2016-07-30 10:44:53'),
('20160730104540', 1, 1072, 'I', '1', '2016-07-30 10:45:52'),
('20160730104546', 1, 1073, 'I', '1', '2016-07-30 10:45:58'),
('20160730104553', 1, 1074, 'I', '1', '2016-07-30 10:46:04'),
('20160730113519', 1, 1076, 'I', '3', '2016-07-30 11:35:19'),
('20160730113617', 1, 1077, 'I', '3', '2016-07-30 11:36:17'),
('20160730113629', 1, 1079, 'I', '3', '2016-07-30 11:36:42'),
('20160730113638', 1, 1078, 'I', '3', '2016-07-30 11:36:41'),
('20160804103548', 1, 1084, 'I', '2', '2016-08-04 10:35:48'),
('20160804104537', 1, 1085, 'I', '2', '2016-08-04 10:45:37'),
('20160804104548', 1, 1086, 'I', '2', '2016-08-04 10:45:48'),
('20160804105536', 1, 1088, 'I', '2', '2016-08-04 10:55:36'),
('20160804105729', 1, 1087, 'U', '2', '2016-08-04 10:57:29'),
('20160804114018', 1, 1089, 'I', '2', '2016-08-04 11:40:18'),
('9999', 1, 1083, 'I', '2', '2016-08-04 10:35:27');

-- --------------------------------------------------------

--
-- Table structure for table `groups`
--

CREATE TABLE `groups` (
  `group_id` int(11) NOT NULL,
  `group_name` varchar(50) DEFAULT NULL,
  `bookable` tinyint(1) DEFAULT NULL,
  `priority` int(11) DEFAULT NULL,
  `_status` char(1) DEFAULT NULL,
  `_user` varchar(50) DEFAULT NULL,
  `_date` datetime DEFAULT NULL
) ENGINE=InnoDB DEFAULT CHARSET=latin1;

--
-- Dumping data for table `groups`
--

INSERT INTO `groups` (`group_id`, `group_name`, `bookable`, `priority`, `_status`, `_user`, `_date`) VALUES
(0, '', 1, NULL, 'A', 'admin', '2016-03-25 00:00:00'),
(1, 'VVIP', 1, 1, 'A', 'admin', '2016-03-25 00:00:00'),
(2, 'VIP', 1, 2, 'A', 'admin', '2016-03-25 00:00:00'),
(3, 'Keluarga', 1, 3, 'A', 'admin', '2016-03-25 00:00:00'),
(4, 'Teman', 1, 4, 'A', 'admin', '2016-03-25 00:00:00'),
(5, 'Tamu', 1, 5, 'A', 'admin', '2016-03-25 00:00:00'),
(6, 'Lainnya', 1, 6, 'A', 'admin', '2016-03-25 00:00:00'),
(7, 'Tambahan', 1, 7, 'A', 'admin', '2016-03-25 00:00:00');

-- --------------------------------------------------------

--
-- Table structure for table `participant`
--

CREATE TABLE `participant` (
  `participant_id` int(11) NOT NULL,
  `participant_name` varchar(100) DEFAULT NULL,
  `title_id` int(11) DEFAULT NULL,
  `delegate_to` int(11) DEFAULT NULL,
  `follower` int(11) DEFAULT NULL,
  `group_id` int(11) DEFAULT NULL,
  `event_id` int(11) DEFAULT NULL,
  `additional_chair` int(11) DEFAULT '0',
  `_status` char(1) DEFAULT NULL,
  `_user` varchar(50) DEFAULT NULL,
  `_date` datetime DEFAULT NULL
) ENGINE=InnoDB DEFAULT CHARSET=latin1;

--
-- Dumping data for table `participant`
--

INSERT INTO `participant` (`participant_id`, `participant_name`, `title_id`, `delegate_to`, `follower`, `group_id`, `event_id`, `additional_chair`, `_status`, `_user`, `_date`) VALUES
(1, 'test', 1, 2, 2, 1, 1, 0, '', '2', '2016-07-30 09:59:42'),
(2, '', 0, NULL, 0, 0, 1, 0, '', '2', '2016-07-30 09:59:46'),
(8, '', 0, NULL, 0, 0, 1, 0, 'I', '1', '2016-07-30 09:17:42'),
(9, '', 0, NULL, 0, 0, 1, 0, 'I', '2', '2016-07-30 09:17:51'),
(10, '', 0, NULL, 0, 0, 1, 0, 'I', '1', '2016-07-30 09:18:06'),
(11, '', 0, NULL, 0, 0, 1, 0, 'I', '2', '2016-07-30 09:18:33'),
(12, '', 0, NULL, 0, 0, 1, 0, 'I', '2', '2016-07-30 09:23:35'),
(13, '', 0, NULL, 0, 0, 1, 0, 'I', '2', '2016-07-30 09:24:05'),
(14, '', 0, NULL, 0, 0, 1, 0, 'I', '2', '2016-07-30 09:24:07'),
(15, '', 0, 0, 0, 0, 1, 0, 'I', '2', '2016-07-30 09:59:09'),
(16, '', 0, 0, 0, 0, 1, 0, 'I', '2', '2016-07-30 09:59:09'),
(17, '', 0, 0, 0, 0, 1, 0, 'I', '2', '2016-07-30 09:59:09'),
(18, '', 0, 0, 0, 0, 1, 0, 'I', '2', '2016-07-30 09:59:09'),
(19, '', 0, 0, 0, 0, 1, 0, 'I', '2', '2016-07-30 09:59:09'),
(20, '', 0, 0, 0, 0, 1, 0, 'I', '2', '2016-07-30 09:59:09'),
(21, '', 0, 0, 0, 0, 1, 0, 'I', '2', '2016-07-30 09:59:09'),
(22, '', 0, 0, 0, 0, 1, 0, 'I', '2', '2016-07-30 09:59:09'),
(23, '', 0, 0, 0, 0, 1, 0, 'I', '2', '2016-07-30 09:59:09'),
(24, '', 0, 0, 0, 0, 1, 0, 'I', '2', '2016-07-30 09:59:09'),
(25, '', 0, 0, 0, 0, 1, 0, 'I', '2', '2016-07-30 09:59:09'),
(26, '', 0, 0, 0, 0, 1, 0, 'I', '2', '2016-07-30 09:59:09'),
(27, '', 0, 0, 0, 0, 1, 0, 'I', '2', '2016-07-30 09:59:09'),
(28, '', 0, 0, 0, 0, 1, 0, 'I', '2', '2016-07-30 09:59:09'),
(29, '', 0, 0, 0, 0, 1, 0, 'I', '2', '2016-07-30 09:59:09'),
(30, '', 0, 0, 0, 0, 1, 0, 'I', '2', '2016-07-30 09:59:09'),
(31, '', 0, 0, 0, 0, 1, 0, 'I', '2', '2016-07-30 09:59:09'),
(32, '', 0, 0, 0, 0, 1, 0, 'I', '2', '2016-07-30 09:59:09'),
(33, '', 0, 0, 0, 0, 1, 0, 'I', '2', '2016-07-30 09:59:09'),
(34, '', 0, 0, 0, 0, 1, 0, 'I', '2', '2016-07-30 09:59:09'),
(35, '', 0, 0, 0, 0, 1, 0, 'I', '2', '2016-07-30 09:59:09'),
(36, '', 0, 0, 0, 0, 1, 0, 'I', '2', '2016-07-30 09:59:09'),
(37, '', 0, 0, 0, 0, 1, 0, 'I', '2', '2016-07-30 09:59:09'),
(38, '', 0, 0, 0, 0, 1, 0, 'I', '2', '2016-07-30 09:59:09'),
(39, '', 0, 0, 0, 0, 1, 0, 'I', '2', '2016-07-30 09:59:09'),
(40, '', 0, 0, 0, 0, 1, 0, 'I', '2', '2016-07-30 09:59:09'),
(41, '', 0, 0, 0, 0, 1, 0, 'I', '2', '2016-07-30 09:59:09'),
(42, '', 0, 0, 0, 0, 1, 0, 'I', '2', '2016-07-30 09:59:09'),
(43, '', 0, 0, 0, 0, 1, 0, 'I', '2', '2016-07-30 09:59:09'),
(44, '', 0, 0, 0, 0, 1, 0, 'I', '2', '2016-07-30 09:59:09'),
(45, '', 0, 0, 0, 0, 1, 0, 'I', '2', '2016-07-30 09:59:09'),
(46, '', 0, 0, 0, 0, 1, 0, 'I', '2', '2016-07-30 09:59:09'),
(47, '', 0, 0, 0, 0, 1, 0, 'I', '2', '2016-07-30 09:59:09'),
(48, '', 0, 0, 0, 0, 1, 0, 'I', '2', '2016-07-30 09:59:09'),
(49, '', 0, 0, 0, 0, 1, 0, 'I', '2', '2016-07-30 09:59:09'),
(50, '', 0, 0, 0, 0, 1, 0, 'I', '2', '2016-07-30 09:59:09'),
(51, '', 0, 0, 0, 0, 1, 0, 'I', '2', '2016-07-30 09:59:09'),
(52, '', 0, 0, 0, 0, 1, 0, 'I', '2', '2016-07-30 09:59:09'),
(53, '', 0, 0, 0, 0, 1, 0, 'I', '2', '2016-07-30 09:59:09'),
(54, '', 0, 0, 0, 0, 1, 0, 'I', '2', '2016-07-30 09:59:09'),
(55, '', 0, 0, 0, 0, 1, 0, 'I', '2', '2016-07-30 09:59:09'),
(56, '', 0, 0, 0, 0, 1, 0, 'I', '2', '2016-07-30 09:59:09'),
(57, '', 0, 0, 0, 0, 1, 0, 'I', '2', '2016-07-30 09:59:09'),
(58, '', 0, 0, 0, 0, 1, 0, 'I', '2', '2016-07-30 09:59:09'),
(59, '', 0, 0, 0, 0, 1, 0, 'I', '2', '2016-07-30 09:59:09'),
(60, '', 0, 0, 0, 0, 1, 0, 'I', '2', '2016-07-30 09:59:09'),
(61, '', 0, 0, 0, 0, 1, 0, 'I', '2', '2016-07-30 09:59:09'),
(62, '', 0, 0, 0, 0, 1, 0, 'I', '2', '2016-07-30 09:59:09'),
(63, '', 0, 0, 0, 0, 1, 0, 'I', '2', '2016-07-30 09:59:09'),
(64, '', 0, 0, 0, 0, 1, 0, 'I', '2', '2016-07-30 09:59:09'),
(65, '', 0, 0, 0, 0, 1, 0, 'I', '2', '2016-07-30 09:59:09'),
(66, '', 0, 0, 0, 0, 1, 0, 'I', '2', '2016-07-30 09:59:09'),
(67, '', 0, 0, 0, 0, 1, 0, 'I', '2', '2016-07-30 09:59:09'),
(68, '', 0, 0, 0, 0, 1, 0, 'I', '2', '2016-07-30 09:59:09'),
(69, '', 0, 0, 0, 0, 1, 0, 'I', '2', '2016-07-30 09:59:09'),
(70, '', 0, 0, 0, 0, 1, 0, 'I', '2', '2016-07-30 09:59:09'),
(71, '', 0, 0, 0, 0, 1, 0, 'I', '2', '2016-07-30 09:59:09'),
(72, '', 0, 0, 0, 0, 1, 0, 'I', '2', '2016-07-30 09:59:09'),
(73, '', 0, 0, 0, 0, 1, 0, 'I', '2', '2016-07-30 09:59:09'),
(74, '', 0, 0, 0, 0, 1, 0, 'I', '2', '2016-07-30 09:59:09'),
(75, '', 0, 0, 0, 0, 1, 0, 'I', '2', '2016-07-30 09:59:09'),
(76, '', 0, 0, 0, 0, 1, 0, 'I', '2', '2016-07-30 09:59:09'),
(77, '', 0, 0, 0, 0, 1, 0, 'I', '2', '2016-07-30 09:59:09'),
(78, '', 0, 0, 0, 0, 1, 0, 'I', '2', '2016-07-30 09:59:09'),
(79, '', 0, 0, 0, 0, 1, 0, 'I', '2', '2016-07-30 09:59:09'),
(80, '', 0, 0, 0, 0, 1, 0, 'I', '2', '2016-07-30 09:59:09'),
(81, '', 0, 0, 0, 0, 1, 0, 'I', '2', '2016-07-30 09:59:09'),
(82, '', 0, 0, 0, 0, 1, 0, 'I', '2', '2016-07-30 09:59:09'),
(83, '', 0, 0, 0, 0, 1, 0, 'I', '2', '2016-07-30 09:59:09'),
(84, '', 0, 0, 0, 0, 1, 0, 'I', '2', '2016-07-30 09:59:09'),
(85, '', 0, 0, 0, 0, 1, 0, 'I', '2', '2016-07-30 09:59:09'),
(86, '', 0, 0, 0, 0, 1, 0, 'I', '2', '2016-07-30 09:59:09'),
(87, '', 0, 0, 0, 0, 1, 0, 'I', '2', '2016-07-30 09:59:09'),
(88, '', 0, 0, 0, 0, 1, 0, 'I', '2', '2016-07-30 09:59:09'),
(89, '', 0, 0, 0, 0, 1, 0, 'I', '2', '2016-07-30 09:59:09'),
(90, '', 0, 0, 0, 0, 1, 0, 'I', '2', '2016-07-30 09:59:09'),
(91, '', 0, 0, 0, 0, 1, 0, 'I', '2', '2016-07-30 09:59:09'),
(92, '', 0, 0, 0, 0, 1, 0, 'I', '2', '2016-07-30 09:59:09'),
(93, '', 0, 0, 0, 0, 1, 0, 'I', '2', '2016-07-30 09:59:09'),
(94, '', 0, 0, 0, 0, 1, 0, 'I', '2', '2016-07-30 09:59:09'),
(95, '', 0, 0, 0, 0, 1, 0, 'I', '2', '2016-07-30 09:59:09'),
(96, '', 0, 0, 0, 0, 1, 0, 'I', '2', '2016-07-30 09:59:09'),
(97, '', 0, 0, 0, 0, 1, 0, 'I', '2', '2016-07-30 09:59:09'),
(98, '', 0, 0, 0, 0, 1, 0, 'I', '2', '2016-07-30 09:59:09'),
(99, '', 0, 0, 0, 0, 1, 0, 'I', '2', '2016-07-30 09:59:09'),
(100, '', 0, 0, 0, 0, 1, 0, 'I', '2', '2016-07-30 09:59:09'),
(101, '', 0, 0, 0, 0, 1, 0, 'I', '2', '2016-07-30 09:59:09'),
(102, '', 0, 0, 0, 0, 1, 0, 'I', '2', '2016-07-30 09:59:09'),
(103, '', 0, 0, 0, 0, 1, 0, 'I', '2', '2016-07-30 09:59:09'),
(104, '', 0, 0, 0, 0, 1, 0, 'I', '2', '2016-07-30 09:59:09'),
(105, '', 0, 0, 0, 0, 1, 0, 'I', '2', '2016-07-30 09:59:09'),
(106, '', 0, 0, 0, 0, 1, 0, 'I', '2', '2016-07-30 09:59:09'),
(107, '', 0, 0, 0, 0, 1, 0, 'I', '2', '2016-07-30 09:59:09'),
(108, '', 0, 0, 0, 0, 1, 0, 'I', '2', '2016-07-30 09:59:09'),
(109, '', 0, 0, 0, 0, 1, 0, 'I', '2', '2016-07-30 09:59:09'),
(110, '', 0, 0, 0, 0, 1, 0, 'I', '2', '2016-07-30 09:59:09'),
(111, '', 0, 0, 0, 0, 1, 0, 'I', '2', '2016-07-30 09:59:09'),
(112, '', 0, 0, 0, 0, 1, 0, 'I', '2', '2016-07-30 09:59:09'),
(113, '', 0, 0, 0, 0, 1, 0, 'I', '2', '2016-07-30 09:59:09'),
(114, '', 0, 0, 0, 0, 1, 0, 'I', '2', '2016-07-30 09:59:09'),
(115, '', 0, 0, 0, 0, 1, 0, 'I', '2', '2016-07-30 09:59:09'),
(116, '', 0, 0, 0, 0, 1, 0, 'I', '2', '2016-07-30 09:59:09'),
(117, '', 0, 0, 0, 0, 1, 0, 'I', '2', '2016-07-30 09:59:09'),
(118, '', 0, 0, 0, 0, 1, 0, 'I', '2', '2016-07-30 09:59:09'),
(119, '', 0, 0, 0, 0, 1, 0, 'I', '2', '2016-07-30 09:59:09'),
(120, '', 0, 0, 0, 0, 1, 0, 'I', '2', '2016-07-30 09:59:09'),
(121, '', 0, 0, 0, 0, 1, 0, 'I', '2', '2016-07-30 09:59:09'),
(122, '', 0, 0, 0, 0, 1, 0, 'I', '2', '2016-07-30 09:59:09'),
(123, '', 0, 0, 0, 0, 1, 0, 'I', '2', '2016-07-30 09:59:09'),
(124, '', 0, 0, 0, 0, 1, 0, 'I', '2', '2016-07-30 09:59:09'),
(125, '', 0, 0, 0, 0, 1, 0, 'I', '2', '2016-07-30 09:59:09'),
(126, '', 0, 0, 0, 0, 1, 0, 'I', '2', '2016-07-30 09:59:09'),
(127, '', 0, 0, 0, 0, 1, 0, 'I', '2', '2016-07-30 09:59:09'),
(128, '', 0, 0, 0, 0, 1, 0, 'I', '2', '2016-07-30 09:59:09'),
(129, '', 0, 0, 0, 0, 1, 0, 'I', '2', '2016-07-30 09:59:09'),
(130, '', 0, 0, 0, 0, 1, 0, 'I', '2', '2016-07-30 09:59:09'),
(131, '', 0, 0, 0, 0, 1, 0, 'I', '2', '2016-07-30 09:59:09'),
(132, '', 0, 0, 0, 0, 1, 0, 'I', '2', '2016-07-30 09:59:09'),
(133, '', 0, 0, 0, 0, 1, 0, 'I', '2', '2016-07-30 09:59:09'),
(134, '', 0, 0, 0, 0, 1, 0, 'I', '2', '2016-07-30 09:59:09'),
(135, '', 0, 0, 0, 0, 1, 0, 'I', '2', '2016-07-30 09:59:09'),
(136, '', 0, 0, 0, 0, 1, 0, 'I', '2', '2016-07-30 09:59:09'),
(137, '', 0, 0, 0, 0, 1, 0, 'I', '2', '2016-07-30 09:59:09'),
(138, '', 0, 0, 0, 0, 1, 0, 'I', '2', '2016-07-30 09:59:09'),
(139, '', 0, 0, 0, 0, 1, 0, 'I', '2', '2016-07-30 09:59:09'),
(140, '', 0, 0, 0, 0, 1, 0, 'I', '2', '2016-07-30 09:59:09'),
(141, '', 0, 0, 0, 0, 1, 0, 'I', '2', '2016-07-30 09:59:09'),
(142, '', 0, 0, 0, 0, 1, 0, 'I', '2', '2016-07-30 09:59:09'),
(143, '', 0, 0, 0, 0, 1, 0, 'I', '2', '2016-07-30 09:59:09'),
(144, '', 0, 0, 0, 0, 1, 0, 'I', '2', '2016-07-30 09:59:09'),
(145, '', 0, 0, 0, 0, 1, 0, 'I', '2', '2016-07-30 09:59:09'),
(146, '', 0, 0, 0, 0, 1, 0, 'I', '2', '2016-07-30 09:59:09'),
(147, '', 0, 0, 0, 0, 1, 0, 'I', '2', '2016-07-30 09:59:09'),
(148, '', 0, 0, 0, 0, 1, 0, 'I', '2', '2016-07-30 09:59:09'),
(149, '', 0, 0, 0, 0, 1, 0, 'I', '2', '2016-07-30 09:59:09'),
(150, '', 0, 0, 0, 0, 1, 0, 'I', '2', '2016-07-30 09:59:09'),
(151, '', 0, 0, 0, 0, 1, 0, 'I', '2', '2016-07-30 09:59:09'),
(152, '', 0, 0, 0, 0, 1, 0, 'I', '2', '2016-07-30 09:59:09'),
(153, '', 0, 0, 0, 0, 1, 0, 'I', '2', '2016-07-30 09:59:09'),
(154, '', 0, 0, 0, 0, 1, 0, 'I', '2', '2016-07-30 09:59:09'),
(155, '', 0, 0, 0, 0, 1, 0, 'I', '2', '2016-07-30 09:59:09'),
(156, '', 0, 0, 0, 0, 1, 0, 'I', '2', '2016-07-30 09:59:09'),
(157, '', 0, 0, 0, 0, 1, 0, 'I', '2', '2016-07-30 09:59:09'),
(158, '', 0, 0, 0, 0, 1, 0, 'I', '2', '2016-07-30 09:59:09'),
(159, '', 0, 0, 0, 0, 1, 0, 'I', '2', '2016-07-30 09:59:09'),
(160, '', 0, 0, 0, 0, 1, 0, 'I', '2', '2016-07-30 09:59:09'),
(161, '', 0, 0, 0, 0, 1, 0, 'I', '2', '2016-07-30 09:59:09'),
(162, '', 0, 0, 0, 0, 1, 0, 'I', '2', '2016-07-30 09:59:09'),
(163, '', 0, 0, 0, 0, 1, 0, 'I', '2', '2016-07-30 09:59:09'),
(164, '', 0, 0, 0, 0, 1, 0, 'I', '2', '2016-07-30 09:59:09'),
(165, '', 0, 0, 0, 0, 1, 0, 'I', '2', '2016-07-30 09:59:09'),
(166, '', 0, 0, 0, 0, 1, 0, 'I', '2', '2016-07-30 09:59:09'),
(167, '', 0, 0, 0, 0, 1, 0, 'I', '2', '2016-07-30 09:59:09'),
(168, '', 0, 0, 0, 0, 1, 0, 'I', '2', '2016-07-30 09:59:09'),
(169, '', 0, 0, 0, 0, 1, 0, 'I', '2', '2016-07-30 09:59:09'),
(170, '', 0, 0, 0, 0, 1, 0, 'I', '2', '2016-07-30 09:59:09'),
(171, '', 0, 0, 0, 0, 1, 0, 'I', '2', '2016-07-30 09:59:09'),
(172, '', 0, 0, 0, 0, 1, 0, 'I', '2', '2016-07-30 09:59:09'),
(173, '', 0, 0, 0, 0, 1, 0, 'I', '2', '2016-07-30 09:59:09'),
(174, '', 0, 0, 0, 0, 1, 0, 'I', '2', '2016-07-30 09:59:09'),
(175, '', 0, 0, 0, 0, 1, 0, 'I', '2', '2016-07-30 09:59:09'),
(176, '', 0, 0, 0, 0, 1, 0, 'I', '2', '2016-07-30 09:59:09'),
(177, '', 0, 0, 0, 0, 1, 0, 'I', '2', '2016-07-30 09:59:09'),
(178, '', 0, 0, 0, 0, 1, 0, 'I', '2', '2016-07-30 09:59:09'),
(179, '', 0, 0, 0, 0, 1, 0, 'I', '2', '2016-07-30 09:59:09'),
(180, '', 0, 0, 0, 0, 1, 0, 'I', '2', '2016-07-30 09:59:09'),
(181, '', 0, 0, 0, 0, 1, 0, 'I', '2', '2016-07-30 09:59:09'),
(182, '', 0, 0, 0, 0, 1, 0, 'I', '2', '2016-07-30 09:59:09'),
(183, '', 0, 0, 0, 0, 1, 0, 'I', '2', '2016-07-30 09:59:09'),
(184, '', 0, 0, 0, 0, 1, 0, 'I', '2', '2016-07-30 09:59:09'),
(185, '', 0, 0, 0, 0, 1, 0, 'I', '2', '2016-07-30 09:59:09'),
(186, '', 0, 0, 0, 0, 1, 0, 'I', '2', '2016-07-30 09:59:09'),
(187, '', 0, 0, 0, 0, 1, 0, 'I', '2', '2016-07-30 09:59:09'),
(188, '', 0, 0, 0, 0, 1, 0, 'I', '2', '2016-07-30 09:59:09'),
(189, '', 0, 0, 0, 0, 1, 0, 'I', '2', '2016-07-30 09:59:09'),
(190, '', 0, 0, 0, 0, 1, 0, 'I', '2', '2016-07-30 09:59:09'),
(191, '', 0, 0, 0, 0, 1, 0, 'I', '2', '2016-07-30 09:59:09'),
(192, '', 0, 0, 0, 0, 1, 0, 'I', '2', '2016-07-30 09:59:09'),
(193, '', 0, 0, 0, 0, 1, 0, 'I', '2', '2016-07-30 09:59:09'),
(194, '', 0, 0, 0, 0, 1, 0, 'I', '2', '2016-07-30 09:59:09'),
(195, '', 0, 0, 0, 0, 1, 0, 'I', '2', '2016-07-30 09:59:09'),
(196, '', 0, 0, 0, 0, 1, 0, 'I', '2', '2016-07-30 09:59:09'),
(197, '', 0, 0, 0, 0, 1, 0, 'I', '2', '2016-07-30 09:59:09'),
(198, '', 0, 0, 0, 0, 1, 0, 'I', '2', '2016-07-30 09:59:09'),
(199, '', 0, 0, 0, 0, 1, 0, 'I', '2', '2016-07-30 09:59:09'),
(200, '', 0, 0, 0, 0, 1, 0, 'I', '2', '2016-07-30 09:59:09'),
(201, '', 0, 0, 0, 0, 1, 0, 'I', '2', '2016-07-30 09:59:09'),
(202, '', 0, 0, 0, 0, 1, 0, 'I', '2', '2016-07-30 09:59:09'),
(203, '', 0, 0, 0, 0, 1, 0, 'I', '2', '2016-07-30 09:59:09'),
(204, '', 0, 0, 0, 0, 1, 0, 'I', '2', '2016-07-30 09:59:09'),
(205, '', 0, 0, 0, 0, 1, 0, 'I', '2', '2016-07-30 09:59:09'),
(206, '', 0, 0, 0, 0, 1, 0, 'I', '2', '2016-07-30 09:59:09'),
(207, '', 0, 0, 0, 0, 1, 0, 'I', '2', '2016-07-30 09:59:09'),
(208, '', 0, 0, 0, 0, 1, 0, 'I', '2', '2016-07-30 09:59:09'),
(209, '', 0, 0, 0, 0, 1, 0, 'I', '2', '2016-07-30 09:59:09'),
(210, '', 0, 0, 0, 0, 1, 0, 'I', '2', '2016-07-30 09:59:09'),
(211, '', 0, 0, 0, 0, 1, 0, 'I', '2', '2016-07-30 09:59:09'),
(212, '', 0, 0, 0, 0, 1, 0, 'I', '2', '2016-07-30 09:59:09'),
(213, '', 0, 0, 0, 0, 1, 0, 'I', '2', '2016-07-30 09:59:09'),
(214, '', 0, 0, 0, 0, 1, 0, 'I', '2', '2016-07-30 09:59:09'),
(215, '', 0, 0, 0, 0, 1, 0, 'I', '2', '2016-07-30 09:59:09'),
(216, '', 0, 0, 0, 0, 1, 0, 'I', '2', '2016-07-30 09:59:09'),
(217, '', 0, 0, 0, 0, 1, 0, 'I', '2', '2016-07-30 09:59:09'),
(218, '', 0, 0, 0, 0, 1, 0, 'I', '2', '2016-07-30 09:59:09'),
(219, '', 0, 0, 0, 0, 1, 0, 'I', '2', '2016-07-30 09:59:09'),
(220, '', 0, 0, 0, 0, 1, 0, 'I', '2', '2016-07-30 09:59:09'),
(221, '', 0, 0, 0, 0, 1, 0, 'I', '2', '2016-07-30 09:59:09'),
(222, '', 0, 0, 0, 0, 1, 0, 'I', '2', '2016-07-30 09:59:09'),
(223, '', 0, 0, 0, 0, 1, 0, 'I', '2', '2016-07-30 09:59:09'),
(224, '', 0, 0, 0, 0, 1, 0, 'I', '2', '2016-07-30 09:59:09'),
(225, '', 0, 0, 0, 0, 1, 0, 'I', '2', '2016-07-30 09:59:09'),
(226, '', 0, 0, 0, 0, 1, 0, 'I', '2', '2016-07-30 09:59:09'),
(227, '', 0, 0, 0, 0, 1, 0, 'I', '2', '2016-07-30 09:59:09'),
(228, '', 0, 0, 0, 0, 1, 0, 'I', '2', '2016-07-30 09:59:09'),
(229, '', 0, 0, 0, 0, 1, 0, 'I', '2', '2016-07-30 09:59:09'),
(230, '', 0, 0, 0, 0, 1, 0, 'I', '2', '2016-07-30 09:59:09'),
(231, '', 0, 0, 0, 0, 1, 0, 'I', '2', '2016-07-30 09:59:09'),
(232, '', 0, 0, 0, 0, 1, 0, 'I', '2', '2016-07-30 09:59:09'),
(233, '', 0, 0, 0, 0, 1, 0, 'I', '2', '2016-07-30 09:59:09'),
(234, '', 0, 0, 0, 0, 1, 0, 'I', '2', '2016-07-30 09:59:09'),
(235, '', 0, 0, 0, 0, 1, 0, 'I', '2', '2016-07-30 09:59:09'),
(236, '', 0, 0, 0, 0, 1, 0, 'I', '2', '2016-07-30 09:59:09'),
(237, '', 0, 0, 0, 0, 1, 0, 'I', '2', '2016-07-30 09:59:09'),
(238, '', 0, 0, 0, 0, 1, 0, 'I', '2', '2016-07-30 09:59:09'),
(239, '', 0, 0, 0, 0, 1, 0, 'I', '2', '2016-07-30 09:59:09'),
(240, '', 0, 0, 0, 0, 1, 0, 'I', '2', '2016-07-30 09:59:09'),
(241, '', 0, 0, 0, 0, 1, 0, 'I', '2', '2016-07-30 09:59:09'),
(242, '', 0, 0, 0, 0, 1, 0, 'I', '2', '2016-07-30 09:59:09'),
(243, '', 0, 0, 0, 0, 1, 0, 'I', '2', '2016-07-30 09:59:09'),
(244, '', 0, 0, 0, 0, 1, 0, 'I', '2', '2016-07-30 09:59:09'),
(245, '', 0, 0, 0, 0, 1, 0, 'I', '2', '2016-07-30 09:59:09'),
(246, '', 0, 0, 0, 0, 1, 0, 'I', '2', '2016-07-30 09:59:09'),
(247, '', 0, 0, 0, 0, 1, 0, 'I', '2', '2016-07-30 09:59:09'),
(248, '', 0, 0, 0, 0, 1, 0, 'I', '2', '2016-07-30 09:59:09'),
(249, '', 0, 0, 0, 0, 1, 0, 'I', '2', '2016-07-30 09:59:09'),
(250, '', 0, 0, 0, 0, 1, 0, 'I', '2', '2016-07-30 09:59:09'),
(251, '', 0, 0, 0, 0, 1, 0, 'I', '2', '2016-07-30 09:59:09'),
(252, '', 0, 0, 0, 0, 1, 0, 'I', '2', '2016-07-30 09:59:09'),
(253, '', 0, 0, 0, 0, 1, 0, 'I', '2', '2016-07-30 09:59:09'),
(254, '', 0, 0, 0, 0, 1, 0, 'I', '2', '2016-07-30 09:59:09'),
(255, '', 0, 0, 0, 0, 1, 0, 'I', '2', '2016-07-30 09:59:09'),
(256, '', 0, 0, 0, 0, 1, 0, 'I', '2', '2016-07-30 09:59:09'),
(257, '', 0, 0, 0, 0, 1, 0, 'I', '2', '2016-07-30 09:59:09'),
(258, '', 0, 0, 0, 0, 1, 0, 'I', '2', '2016-07-30 09:59:09'),
(259, '', 0, 0, 0, 0, 1, 0, 'I', '2', '2016-07-30 09:59:09'),
(260, '', 0, 0, 0, 0, 1, 0, 'I', '2', '2016-07-30 09:59:09'),
(261, '', 0, 0, 0, 0, 1, 0, 'I', '2', '2016-07-30 09:59:09'),
(262, '', 0, 0, 0, 0, 1, 0, 'I', '2', '2016-07-30 09:59:09'),
(263, '', 0, 0, 0, 0, 1, 0, 'I', '2', '2016-07-30 09:59:09'),
(264, '', 0, 0, 0, 0, 1, 0, 'I', '2', '2016-07-30 09:59:09'),
(265, '', 0, 0, 0, 0, 1, 0, 'I', '2', '2016-07-30 09:59:09'),
(266, '', 0, 0, 0, 0, 1, 0, 'I', '2', '2016-07-30 09:59:09'),
(267, '', 0, 0, 0, 0, 1, 0, 'I', '2', '2016-07-30 09:59:09'),
(268, '', 0, 0, 0, 0, 1, 0, 'I', '2', '2016-07-30 09:59:09'),
(269, '', 0, 0, 0, 0, 1, 0, 'I', '2', '2016-07-30 09:59:09'),
(270, '', 0, 0, 0, 0, 1, 0, 'I', '2', '2016-07-30 09:59:09'),
(271, '', 0, 0, 0, 0, 1, 0, 'I', '2', '2016-07-30 09:59:09'),
(272, '', 0, 0, 0, 0, 1, 0, 'I', '2', '2016-07-30 09:59:09'),
(273, '', 0, 0, 0, 0, 1, 0, 'I', '2', '2016-07-30 09:59:09'),
(274, '', 0, 0, 0, 0, 1, 0, 'I', '2', '2016-07-30 09:59:09'),
(275, '', 0, 0, 0, 0, 1, 0, 'I', '2', '2016-07-30 09:59:09'),
(276, '', 0, 0, 0, 0, 1, 0, 'I', '2', '2016-07-30 09:59:09'),
(277, '', 0, 0, 0, 0, 1, 0, 'I', '2', '2016-07-30 09:59:09'),
(278, '', 0, 0, 0, 0, 1, 0, 'I', '2', '2016-07-30 09:59:09'),
(279, '', 0, 0, 0, 0, 1, 0, 'I', '2', '2016-07-30 09:59:09'),
(280, '', 0, 0, 0, 0, 1, 0, 'I', '2', '2016-07-30 09:59:09'),
(281, '', 0, 0, 0, 0, 1, 0, 'I', '2', '2016-07-30 09:59:09'),
(282, '', 0, 0, 0, 0, 1, 0, 'I', '2', '2016-07-30 09:59:09'),
(283, '', 0, 0, 0, 0, 1, 0, 'I', '2', '2016-07-30 09:59:09'),
(284, '', 0, 0, 0, 0, 1, 0, 'I', '2', '2016-07-30 09:59:09'),
(285, '', 0, 0, 0, 0, 1, 0, 'I', '2', '2016-07-30 09:59:09'),
(286, '', 0, 0, 0, 0, 1, 0, 'I', '2', '2016-07-30 09:59:09'),
(287, '', 0, 0, 0, 0, 1, 0, 'I', '2', '2016-07-30 09:59:09'),
(288, '', 0, 0, 0, 0, 1, 0, 'I', '2', '2016-07-30 09:59:09'),
(289, '', 0, 0, 0, 0, 1, 0, 'I', '2', '2016-07-30 09:59:09'),
(290, '', 0, 0, 0, 0, 1, 0, 'I', '2', '2016-07-30 09:59:09'),
(291, '', 0, 0, 0, 0, 1, 0, 'I', '2', '2016-07-30 09:59:09'),
(292, '', 0, 0, 0, 0, 1, 0, 'I', '2', '2016-07-30 09:59:09'),
(293, '', 0, 0, 0, 0, 1, 0, 'I', '2', '2016-07-30 09:59:09'),
(294, '', 0, 0, 0, 0, 1, 0, 'I', '2', '2016-07-30 09:59:09'),
(295, '', 0, 0, 0, 0, 1, 0, 'I', '2', '2016-07-30 09:59:09'),
(296, '', 0, 0, 0, 0, 1, 0, 'I', '2', '2016-07-30 09:59:09'),
(297, '', 0, 0, 0, 0, 1, 0, 'I', '2', '2016-07-30 09:59:09'),
(298, '', 0, 0, 0, 0, 1, 0, 'I', '2', '2016-07-30 09:59:09'),
(299, '', 0, 0, 0, 0, 1, 0, 'I', '2', '2016-07-30 09:59:09'),
(300, '', 0, 0, 0, 0, 1, 0, 'I', '2', '2016-07-30 09:59:09'),
(301, '', 0, 0, 0, 0, 1, 0, 'I', '2', '2016-07-30 09:59:09'),
(302, '', 0, 0, 0, 0, 1, 0, 'I', '2', '2016-07-30 09:59:09'),
(303, '', 0, 0, 0, 0, 1, 0, 'I', '2', '2016-07-30 09:59:09'),
(304, '', 0, 0, 0, 0, 1, 0, 'I', '2', '2016-07-30 09:59:09'),
(305, '', 0, 0, 0, 0, 1, 0, 'I', '2', '2016-07-30 09:59:09'),
(306, '', 0, 0, 0, 0, 1, 0, 'I', '2', '2016-07-30 09:59:09'),
(307, '', 0, 0, 0, 0, 1, 0, 'I', '2', '2016-07-30 09:59:09'),
(308, '', 0, 0, 0, 0, 1, 0, 'I', '2', '2016-07-30 09:59:09'),
(309, '', 0, 0, 0, 0, 1, 0, 'I', '2', '2016-07-30 09:59:09'),
(310, '', 0, 0, 0, 0, 1, 0, 'I', '2', '2016-07-30 09:59:09'),
(311, '', 0, 0, 0, 0, 1, 0, 'I', '2', '2016-07-30 09:59:09'),
(312, '', 0, 0, 0, 0, 1, 0, 'I', '2', '2016-07-30 09:59:09'),
(313, '', 0, 0, 0, 0, 1, 0, 'I', '2', '2016-07-30 09:59:09'),
(314, '', 0, 0, 0, 0, 1, 0, 'I', '2', '2016-07-30 09:59:09'),
(315, '', 0, 0, 0, 0, 1, 0, 'I', '2', '2016-07-30 09:59:09'),
(316, '', 0, 0, 0, 0, 1, 0, 'I', '2', '2016-07-30 09:59:09'),
(317, '', 0, 0, 0, 0, 1, 0, 'I', '2', '2016-07-30 09:59:09'),
(318, '', 0, 0, 0, 0, 1, 0, 'I', '2', '2016-07-30 09:59:09'),
(319, '', 0, 0, 0, 0, 1, 0, 'I', '2', '2016-07-30 09:59:09'),
(320, '', 0, 0, 0, 0, 1, 0, 'I', '2', '2016-07-30 09:59:09'),
(321, '', 0, 0, 0, 0, 1, 0, 'I', '2', '2016-07-30 09:59:09'),
(322, '', 0, 0, 0, 0, 1, 0, 'I', '2', '2016-07-30 09:59:09'),
(323, '', 0, 0, 0, 0, 1, 0, 'I', '2', '2016-07-30 09:59:09'),
(324, '', 0, 0, 0, 0, 1, 0, 'I', '2', '2016-07-30 09:59:09'),
(325, '', 0, 0, 0, 0, 1, 0, 'I', '2', '2016-07-30 09:59:09'),
(326, '', 0, 0, 0, 0, 1, 0, 'I', '2', '2016-07-30 09:59:09'),
(327, '', 0, 0, 0, 0, 1, 0, 'I', '2', '2016-07-30 09:59:09'),
(328, '', 0, 0, 0, 0, 1, 0, 'I', '2', '2016-07-30 09:59:09'),
(329, '', 0, 0, 0, 0, 1, 0, 'I', '2', '2016-07-30 09:59:09'),
(330, '', 0, 0, 0, 0, 1, 0, 'I', '2', '2016-07-30 09:59:09'),
(331, '', 0, 0, 0, 0, 1, 0, 'I', '2', '2016-07-30 09:59:09'),
(332, '', 0, 0, 0, 0, 1, 0, 'I', '2', '2016-07-30 09:59:09'),
(333, '', 0, 0, 0, 0, 1, 0, 'I', '2', '2016-07-30 09:59:09'),
(334, '', 0, 0, 0, 0, 1, 0, 'I', '2', '2016-07-30 09:59:09'),
(335, '', 0, 0, 0, 0, 1, 0, 'I', '2', '2016-07-30 09:59:09'),
(336, '', 0, 0, 0, 0, 1, 0, 'I', '2', '2016-07-30 09:59:09'),
(337, '', 0, 0, 0, 0, 1, 0, 'I', '2', '2016-07-30 09:59:09'),
(338, '', 0, 0, 0, 0, 1, 0, 'I', '2', '2016-07-30 09:59:09'),
(339, '', 0, 0, 0, 0, 1, 0, 'I', '2', '2016-07-30 09:59:09'),
(340, '', 0, 0, 0, 0, 1, 0, 'I', '2', '2016-07-30 09:59:09'),
(341, '', 0, 0, 0, 0, 1, 0, 'I', '2', '2016-07-30 09:59:09'),
(342, '', 0, 0, 0, 0, 1, 0, 'I', '2', '2016-07-30 09:59:09'),
(343, '', 0, 0, 0, 0, 1, 0, 'I', '2', '2016-07-30 09:59:09'),
(344, '', 0, 0, 0, 0, 1, 0, 'I', '2', '2016-07-30 09:59:09'),
(345, '', 0, 0, 0, 0, 1, 0, 'I', '2', '2016-07-30 09:59:09'),
(346, '', 0, 0, 0, 0, 1, 0, 'I', '2', '2016-07-30 09:59:09'),
(347, '', 0, 0, 0, 0, 1, 0, 'I', '2', '2016-07-30 09:59:09'),
(348, '', 0, 0, 0, 0, 1, 0, 'I', '2', '2016-07-30 09:59:09'),
(349, '', 0, 0, 0, 0, 1, 0, 'I', '2', '2016-07-30 09:59:09'),
(350, '', 0, 0, 0, 0, 1, 0, 'I', '2', '2016-07-30 09:59:09'),
(351, '', 0, 0, 0, 0, 1, 0, 'I', '2', '2016-07-30 09:59:09'),
(352, '', 0, 0, 0, 0, 1, 0, 'I', '2', '2016-07-30 09:59:09'),
(353, '', 0, 0, 0, 0, 1, 0, 'I', '2', '2016-07-30 09:59:09'),
(354, '', 0, 0, 0, 0, 1, 0, 'I', '2', '2016-07-30 09:59:09'),
(355, '', 0, 0, 0, 0, 1, 0, 'I', '2', '2016-07-30 09:59:09'),
(356, '', 0, 0, 0, 0, 1, 0, 'I', '2', '2016-07-30 09:59:09'),
(357, '', 0, 0, 0, 0, 1, 0, 'I', '2', '2016-07-30 09:59:09'),
(358, '', 0, 0, 0, 0, 1, 0, 'I', '2', '2016-07-30 09:59:09'),
(359, '', 0, 0, 0, 0, 1, 0, 'I', '2', '2016-07-30 09:59:09'),
(360, '', 0, 0, 0, 0, 1, 0, 'I', '2', '2016-07-30 09:59:09'),
(361, '', 0, 0, 0, 0, 1, 0, 'I', '2', '2016-07-30 09:59:09'),
(362, '', 0, 0, 0, 0, 1, 0, 'I', '2', '2016-07-30 09:59:09'),
(363, '', 0, 0, 0, 0, 1, 0, 'I', '2', '2016-07-30 09:59:09'),
(364, '', 0, 0, 0, 0, 1, 0, 'I', '2', '2016-07-30 09:59:09'),
(365, '', 0, 0, 0, 0, 1, 0, 'I', '2', '2016-07-30 09:59:09'),
(366, '', 0, 0, 0, 0, 1, 0, 'I', '2', '2016-07-30 09:59:09'),
(367, '', 0, 0, 0, 0, 1, 0, 'I', '2', '2016-07-30 09:59:09'),
(368, '', 0, 0, 0, 0, 1, 0, 'I', '2', '2016-07-30 09:59:09'),
(369, '', 0, 0, 0, 0, 1, 0, 'I', '2', '2016-07-30 09:59:09'),
(370, '', 0, 0, 0, 0, 1, 0, 'I', '2', '2016-07-30 09:59:09'),
(371, '', 0, 0, 0, 0, 1, 0, 'I', '2', '2016-07-30 09:59:09'),
(372, '', 0, 0, 0, 0, 1, 0, 'I', '2', '2016-07-30 09:59:09'),
(373, '', 0, 0, 0, 0, 1, 0, 'I', '2', '2016-07-30 09:59:09'),
(374, '', 0, 0, 0, 0, 1, 0, 'I', '2', '2016-07-30 09:59:09'),
(375, '', 0, 0, 0, 0, 1, 0, 'I', '2', '2016-07-30 09:59:09'),
(376, '', 0, 0, 0, 0, 1, 0, 'I', '2', '2016-07-30 09:59:09'),
(377, '', 0, 0, 0, 0, 1, 0, 'I', '2', '2016-07-30 09:59:09'),
(378, '', 0, 0, 0, 0, 1, 0, 'I', '2', '2016-07-30 09:59:09'),
(379, '', 0, 0, 0, 0, 1, 0, 'I', '2', '2016-07-30 09:59:09'),
(380, '', 0, 0, 0, 0, 1, 0, 'I', '2', '2016-07-30 09:59:09'),
(381, '', 0, 0, 0, 0, 1, 0, 'I', '2', '2016-07-30 09:59:09'),
(382, '', 0, 0, 0, 0, 1, 0, 'I', '2', '2016-07-30 09:59:09'),
(383, '', 0, 0, 0, 0, 1, 0, 'I', '2', '2016-07-30 09:59:09'),
(384, '', 0, 0, 0, 0, 1, 0, 'I', '2', '2016-07-30 09:59:09'),
(385, '', 0, 0, 0, 0, 1, 0, 'I', '2', '2016-07-30 09:59:09'),
(386, '', 0, 0, 0, 0, 1, 0, 'I', '2', '2016-07-30 09:59:09'),
(387, '', 0, 0, 0, 0, 1, 0, 'I', '2', '2016-07-30 09:59:09'),
(388, '', 0, 0, 0, 0, 1, 0, 'I', '2', '2016-07-30 09:59:09'),
(389, '', 0, 0, 0, 0, 1, 0, 'I', '2', '2016-07-30 09:59:09'),
(390, '', 0, 0, 0, 0, 1, 0, 'I', '2', '2016-07-30 09:59:09'),
(391, '', 0, 0, 0, 0, 1, 0, 'I', '2', '2016-07-30 09:59:09'),
(392, '', 0, 0, 0, 0, 1, 0, 'I', '2', '2016-07-30 09:59:09'),
(393, '', 0, 0, 0, 0, 1, 0, 'I', '2', '2016-07-30 09:59:09'),
(394, '', 0, 0, 0, 0, 1, 0, 'I', '2', '2016-07-30 09:59:09'),
(395, '', 0, 0, 0, 0, 1, 0, 'I', '2', '2016-07-30 09:59:09'),
(396, '', 0, 0, 0, 0, 1, 0, 'I', '2', '2016-07-30 09:59:09'),
(397, '', 0, 0, 0, 0, 1, 0, 'I', '2', '2016-07-30 09:59:09'),
(398, '', 0, 0, 0, 0, 1, 0, 'I', '2', '2016-07-30 09:59:09'),
(399, '', 0, 0, 0, 0, 1, 0, 'I', '2', '2016-07-30 09:59:09'),
(400, '', 0, 0, 0, 0, 1, 0, 'I', '2', '2016-07-30 09:59:09'),
(401, '', 0, 0, 0, 0, 1, 0, 'I', '2', '2016-07-30 09:59:09'),
(402, '', 0, 0, 0, 0, 1, 0, 'I', '2', '2016-07-30 09:59:09'),
(403, '', 0, 0, 0, 0, 1, 0, 'I', '2', '2016-07-30 09:59:09'),
(404, '', 0, 0, 0, 0, 1, 0, 'I', '2', '2016-07-30 09:59:09'),
(405, '', 0, 0, 0, 0, 1, 0, 'I', '2', '2016-07-30 09:59:09'),
(406, '', 0, 0, 0, 0, 1, 0, 'I', '2', '2016-07-30 09:59:09'),
(407, '', 0, 0, 0, 0, 1, 0, 'I', '2', '2016-07-30 09:59:09'),
(408, '', 0, 0, 0, 0, 1, 0, 'I', '2', '2016-07-30 09:59:09'),
(409, '', 0, 0, 0, 0, 1, 0, 'I', '2', '2016-07-30 09:59:09'),
(410, '', 0, 0, 0, 0, 1, 0, 'I', '2', '2016-07-30 09:59:09'),
(411, '', 0, 0, 0, 0, 1, 0, 'I', '2', '2016-07-30 09:59:09'),
(412, '', 0, 0, 0, 0, 1, 0, 'I', '2', '2016-07-30 09:59:09'),
(413, '', 0, 0, 0, 0, 1, 0, 'I', '2', '2016-07-30 09:59:09'),
(414, '', 0, 0, 0, 0, 1, 0, 'I', '2', '2016-07-30 09:59:09'),
(415, '', 0, 0, 0, 0, 1, 0, 'I', '2', '2016-07-30 09:59:09'),
(416, '', 0, 0, 0, 0, 1, 0, 'I', '2', '2016-07-30 09:59:09'),
(417, '', 0, 0, 0, 0, 1, 0, 'I', '2', '2016-07-30 09:59:09'),
(418, '', 0, 0, 0, 0, 1, 0, 'I', '2', '2016-07-30 09:59:09'),
(419, '', 0, 0, 0, 0, 1, 0, 'I', '2', '2016-07-30 09:59:09'),
(420, '', 0, 0, 0, 0, 1, 0, 'I', '2', '2016-07-30 09:59:09'),
(421, '', 0, 0, 0, 0, 1, 0, 'I', '2', '2016-07-30 09:59:09'),
(422, '', 0, 0, 0, 0, 1, 0, 'I', '2', '2016-07-30 09:59:09'),
(423, '', 0, 0, 0, 0, 1, 0, 'I', '2', '2016-07-30 09:59:09'),
(424, '', 0, 0, 0, 0, 1, 0, 'I', '2', '2016-07-30 09:59:09'),
(425, '', 0, 0, 0, 0, 1, 0, 'I', '2', '2016-07-30 09:59:09'),
(426, '', 0, 0, 0, 0, 1, 0, 'I', '2', '2016-07-30 09:59:09'),
(427, '', 0, 0, 0, 0, 1, 0, 'I', '2', '2016-07-30 09:59:09'),
(428, '', 0, 0, 0, 0, 1, 0, 'I', '2', '2016-07-30 09:59:09'),
(429, '', 0, 0, 0, 0, 1, 0, 'I', '2', '2016-07-30 09:59:09'),
(430, '', 0, 0, 0, 0, 1, 0, 'I', '2', '2016-07-30 09:59:09'),
(431, '', 0, 0, 0, 0, 1, 0, 'I', '2', '2016-07-30 09:59:09'),
(432, '', 0, 0, 0, 0, 1, 0, 'I', '2', '2016-07-30 09:59:09'),
(433, '', 0, 0, 0, 0, 1, 0, 'I', '2', '2016-07-30 09:59:09'),
(434, '', 0, 0, 0, 0, 1, 0, 'I', '2', '2016-07-30 09:59:09'),
(435, '', 0, 0, 0, 0, 1, 0, 'I', '2', '2016-07-30 09:59:09'),
(436, '', 0, 0, 0, 0, 1, 0, 'I', '2', '2016-07-30 09:59:09'),
(437, '', 0, 0, 0, 0, 1, 0, 'I', '2', '2016-07-30 09:59:09'),
(438, '', 0, 0, 0, 0, 1, 0, 'I', '2', '2016-07-30 09:59:09'),
(439, '', 0, 0, 0, 0, 1, 0, 'I', '2', '2016-07-30 09:59:09'),
(440, '', 0, 0, 0, 0, 1, 0, 'I', '2', '2016-07-30 09:59:09'),
(441, '', 0, 0, 0, 0, 1, 0, 'I', '2', '2016-07-30 09:59:09'),
(442, '', 0, 0, 0, 0, 1, 0, 'I', '2', '2016-07-30 09:59:09'),
(443, '', 0, 0, 0, 0, 1, 0, 'I', '2', '2016-07-30 09:59:09'),
(444, '', 0, 0, 0, 0, 1, 0, 'I', '2', '2016-07-30 09:59:09'),
(445, '', 0, 0, 0, 0, 1, 0, 'I', '2', '2016-07-30 09:59:09'),
(446, '', 0, 0, 0, 0, 1, 0, 'I', '2', '2016-07-30 09:59:09'),
(447, '', 0, 0, 0, 0, 1, 0, 'I', '2', '2016-07-30 09:59:09'),
(448, '', 0, 0, 0, 0, 1, 0, 'I', '2', '2016-07-30 09:59:09'),
(449, '', 0, 0, 0, 0, 1, 0, 'I', '2', '2016-07-30 09:59:09'),
(450, '', 0, 0, 0, 0, 1, 0, 'I', '2', '2016-07-30 09:59:09'),
(451, '', 0, 0, 0, 0, 1, 0, 'I', '2', '2016-07-30 09:59:09'),
(452, '', 0, 0, 0, 0, 1, 0, 'I', '2', '2016-07-30 09:59:09'),
(453, '', 0, 0, 0, 0, 1, 0, 'I', '2', '2016-07-30 09:59:09'),
(454, '', 0, 0, 0, 0, 1, 0, 'I', '2', '2016-07-30 09:59:09'),
(455, '', 0, 0, 0, 0, 1, 0, 'I', '2', '2016-07-30 09:59:09'),
(456, '', 0, 0, 0, 0, 1, 0, 'I', '2', '2016-07-30 09:59:09'),
(457, '', 0, 0, 0, 0, 1, 0, 'I', '2', '2016-07-30 09:59:09'),
(458, '', 0, 0, 0, 0, 1, 0, 'I', '2', '2016-07-30 09:59:09'),
(459, '', 0, 0, 0, 0, 1, 0, 'I', '2', '2016-07-30 09:59:09'),
(460, '', 0, 0, 0, 0, 1, 0, 'I', '2', '2016-07-30 09:59:09'),
(461, '', 0, 0, 0, 0, 1, 0, 'I', '2', '2016-07-30 09:59:09'),
(462, '', 0, 0, 0, 0, 1, 0, 'I', '2', '2016-07-30 09:59:09'),
(463, '', 0, 0, 0, 0, 1, 0, 'I', '2', '2016-07-30 09:59:09'),
(464, '', 0, 0, 0, 0, 1, 0, 'I', '2', '2016-07-30 09:59:09'),
(465, '', 0, 0, 0, 0, 1, 0, 'I', '2', '2016-07-30 09:59:09'),
(466, '', 0, 0, 0, 0, 1, 0, 'I', '2', '2016-07-30 09:59:09'),
(467, '', 0, 0, 0, 0, 1, 0, 'I', '2', '2016-07-30 09:59:09'),
(468, '', 0, 0, 0, 0, 1, 0, 'I', '2', '2016-07-30 09:59:09'),
(469, '', 0, 0, 0, 0, 1, 0, 'I', '2', '2016-07-30 09:59:09'),
(470, '', 0, 0, 0, 0, 1, 0, 'I', '2', '2016-07-30 09:59:09'),
(471, '', 0, 0, 0, 0, 1, 0, 'I', '2', '2016-07-30 09:59:09'),
(472, '', 0, 0, 0, 0, 1, 0, 'I', '2', '2016-07-30 09:59:09'),
(473, '', 0, 0, 0, 0, 1, 0, 'I', '2', '2016-07-30 09:59:09'),
(474, '', 0, 0, 0, 0, 1, 0, 'I', '2', '2016-07-30 09:59:09'),
(475, '', 0, 0, 0, 0, 1, 0, 'I', '2', '2016-07-30 09:59:09'),
(476, '', 0, 0, 0, 0, 1, 0, 'I', '2', '2016-07-30 09:59:09'),
(477, '', 0, 0, 0, 0, 1, 0, 'I', '2', '2016-07-30 09:59:09'),
(478, '', 0, 0, 0, 0, 1, 0, 'I', '2', '2016-07-30 09:59:09'),
(479, '', 0, 0, 0, 0, 1, 0, 'I', '2', '2016-07-30 09:59:09'),
(480, '', 0, 0, 0, 0, 1, 0, 'I', '2', '2016-07-30 09:59:09'),
(481, '', 0, 0, 0, 0, 1, 0, 'I', '2', '2016-07-30 09:59:09'),
(482, '', 0, 0, 0, 0, 1, 0, 'I', '2', '2016-07-30 09:59:09'),
(483, '', 0, 0, 0, 0, 1, 0, 'I', '2', '2016-07-30 09:59:09'),
(484, '', 0, 0, 0, 0, 1, 0, 'I', '2', '2016-07-30 09:59:09'),
(485, '', 0, 0, 0, 0, 1, 0, 'I', '2', '2016-07-30 09:59:09'),
(486, '', 0, 0, 0, 0, 1, 0, 'I', '2', '2016-07-30 09:59:09'),
(487, '', 0, 0, 0, 0, 1, 0, 'I', '2', '2016-07-30 09:59:09'),
(488, '', 0, 0, 0, 0, 1, 0, 'I', '2', '2016-07-30 09:59:09'),
(489, '', 0, 0, 0, 0, 1, 0, 'I', '2', '2016-07-30 09:59:09'),
(490, '', 0, 0, 0, 0, 1, 0, 'I', '2', '2016-07-30 09:59:09'),
(491, '', 0, 0, 0, 0, 1, 0, 'I', '2', '2016-07-30 09:59:09'),
(492, '', 0, 0, 0, 0, 1, 0, 'I', '2', '2016-07-30 09:59:09'),
(493, '', 0, 0, 0, 0, 1, 0, 'I', '2', '2016-07-30 09:59:09'),
(494, '', 0, 0, 0, 0, 1, 0, 'I', '2', '2016-07-30 09:59:09'),
(495, '', 0, 0, 0, 0, 1, 0, 'I', '2', '2016-07-30 09:59:09'),
(496, '', 0, 0, 0, 0, 1, 0, 'I', '2', '2016-07-30 09:59:09'),
(497, '', 0, 0, 0, 0, 1, 0, 'I', '2', '2016-07-30 09:59:09'),
(498, '', 0, 0, 0, 0, 1, 0, 'I', '2', '2016-07-30 09:59:09'),
(499, '', 0, 0, 0, 0, 1, 0, 'I', '2', '2016-07-30 09:59:09'),
(500, '', 0, 0, 0, 0, 1, 0, 'I', '2', '2016-07-30 09:59:09'),
(501, '', 0, 0, 0, 0, 1, 0, 'I', '2', '2016-07-30 09:59:09'),
(502, '', 0, 0, 0, 0, 1, 0, 'I', '2', '2016-07-30 09:59:09'),
(503, '', 0, 0, 0, 0, 1, 0, 'I', '2', '2016-07-30 09:59:09'),
(504, '', 0, 0, 0, 0, 1, 0, 'I', '2', '2016-07-30 09:59:09'),
(505, '', 0, 0, 0, 0, 1, 0, 'I', '2', '2016-07-30 09:59:09'),
(506, '', 0, 0, 0, 0, 1, 0, 'I', '2', '2016-07-30 09:59:09'),
(507, '', 0, 0, 0, 0, 1, 0, 'I', '2', '2016-07-30 09:59:09'),
(508, '', 0, 0, 0, 0, 1, 0, 'I', '2', '2016-07-30 09:59:09'),
(509, '', 0, 0, 0, 0, 1, 0, 'I', '2', '2016-07-30 09:59:09'),
(510, '', 0, 0, 0, 0, 1, 0, 'I', '2', '2016-07-30 09:59:09'),
(511, '', 0, 0, 0, 0, 1, 0, 'I', '2', '2016-07-30 09:59:09'),
(512, '', 0, 0, 0, 0, 1, 0, 'I', '2', '2016-07-30 09:59:09'),
(513, '', 0, 0, 0, 0, 1, 0, 'I', '2', '2016-07-30 09:59:09'),
(514, '', 0, 0, 0, 0, 1, 0, 'I', '2', '2016-07-30 09:59:09'),
(515, '', 0, 0, 0, 0, 1, 0, 'I', '2', '2016-07-30 09:59:09'),
(516, '', 0, 0, 0, 0, 1, 0, 'I', '2', '2016-07-30 09:59:09'),
(517, '', 0, 0, 0, 0, 1, 0, 'I', '2', '2016-07-30 09:59:09'),
(518, '', 0, 0, 0, 0, 1, 0, 'I', '2', '2016-07-30 09:59:09'),
(519, '', 0, 0, 0, 0, 1, 0, 'I', '2', '2016-07-30 09:59:09'),
(520, '', 0, 0, 0, 0, 1, 0, 'I', '2', '2016-07-30 09:59:09'),
(521, '', 0, 0, 0, 0, 1, 0, 'I', '2', '2016-07-30 09:59:09'),
(522, '', 0, 0, 0, 0, 1, 0, 'I', '2', '2016-07-30 09:59:09'),
(523, '', 0, 0, 0, 0, 1, 0, 'I', '2', '2016-07-30 09:59:09'),
(524, '', 0, 0, 0, 0, 1, 0, 'I', '2', '2016-07-30 09:59:09'),
(525, '', 0, 0, 0, 0, 1, 0, 'I', '2', '2016-07-30 09:59:09'),
(526, '', 0, 0, 0, 0, 1, 0, 'I', '2', '2016-07-30 09:59:09'),
(527, '', 0, 0, 0, 0, 1, 0, 'I', '2', '2016-07-30 09:59:09'),
(528, '', 0, 0, 0, 0, 1, 0, 'I', '2', '2016-07-30 09:59:09'),
(529, '', 0, 0, 0, 0, 1, 0, 'I', '2', '2016-07-30 09:59:09'),
(530, '', 0, 0, 0, 0, 1, 0, 'I', '2', '2016-07-30 09:59:09'),
(531, '', 0, 0, 0, 0, 1, 0, 'I', '2', '2016-07-30 09:59:09'),
(532, '', 0, 0, 0, 0, 1, 0, 'I', '2', '2016-07-30 09:59:09'),
(533, '', 0, 0, 0, 0, 1, 0, 'I', '2', '2016-07-30 09:59:09'),
(534, '', 0, 0, 0, 0, 1, 0, 'I', '2', '2016-07-30 09:59:09'),
(535, '', 0, 0, 0, 0, 1, 0, 'I', '2', '2016-07-30 09:59:09'),
(536, '', 0, 0, 0, 0, 1, 0, 'I', '2', '2016-07-30 09:59:09'),
(537, '', 0, 0, 0, 0, 1, 0, 'I', '2', '2016-07-30 09:59:09'),
(538, '', 0, 0, 0, 0, 1, 0, 'I', '2', '2016-07-30 09:59:09'),
(539, '', 0, 0, 0, 0, 1, 0, 'I', '2', '2016-07-30 09:59:09'),
(540, '', 0, 0, 0, 0, 1, 0, 'I', '2', '2016-07-30 09:59:09'),
(541, '', 0, 0, 0, 0, 1, 0, 'I', '2', '2016-07-30 09:59:09'),
(542, '', 0, 0, 0, 0, 1, 0, 'I', '2', '2016-07-30 09:59:09'),
(543, '', 0, 0, 0, 0, 1, 0, 'I', '2', '2016-07-30 09:59:09'),
(544, '', 0, 0, 0, 0, 1, 0, 'I', '2', '2016-07-30 09:59:09'),
(545, '', 0, 0, 0, 0, 1, 0, 'I', '2', '2016-07-30 09:59:09'),
(546, '', 0, 0, 0, 0, 1, 0, 'I', '2', '2016-07-30 09:59:09'),
(547, '', 0, 0, 0, 0, 1, 0, 'I', '2', '2016-07-30 09:59:09'),
(548, '', 0, 0, 0, 0, 1, 0, 'I', '2', '2016-07-30 09:59:09'),
(549, '', 0, 0, 0, 0, 1, 0, 'I', '2', '2016-07-30 09:59:09'),
(550, '', 0, 0, 0, 0, 1, 0, 'I', '2', '2016-07-30 09:59:09'),
(551, '', 0, 0, 0, 0, 1, 0, 'I', '2', '2016-07-30 09:59:09'),
(552, '', 0, 0, 0, 0, 1, 0, 'I', '2', '2016-07-30 09:59:09'),
(553, '', 0, 0, 0, 0, 1, 0, 'I', '2', '2016-07-30 09:59:09'),
(554, '', 0, 0, 0, 0, 1, 0, 'I', '2', '2016-07-30 09:59:09'),
(555, '', 0, 0, 0, 0, 1, 0, 'I', '2', '2016-07-30 09:59:09'),
(556, '', 0, 0, 0, 0, 1, 0, 'I', '2', '2016-07-30 09:59:09'),
(557, '', 0, 0, 0, 0, 1, 0, 'I', '2', '2016-07-30 09:59:09'),
(558, '', 0, 0, 0, 0, 1, 0, 'I', '2', '2016-07-30 09:59:09'),
(559, '', 0, 0, 0, 0, 1, 0, 'I', '2', '2016-07-30 09:59:09'),
(560, '', 0, 0, 0, 0, 1, 0, 'I', '2', '2016-07-30 09:59:09'),
(561, '', 0, 0, 0, 0, 1, 0, 'I', '2', '2016-07-30 09:59:09'),
(562, '', 0, 0, 0, 0, 1, 0, 'I', '2', '2016-07-30 09:59:09'),
(563, '', 0, 0, 0, 0, 1, 0, 'I', '2', '2016-07-30 09:59:09'),
(564, '', 0, 0, 0, 0, 1, 0, 'I', '2', '2016-07-30 09:59:09'),
(565, '', 0, 0, 0, 0, 1, 0, 'I', '2', '2016-07-30 09:59:09'),
(566, '', 0, 0, 0, 0, 1, 0, 'I', '2', '2016-07-30 09:59:09'),
(567, '', 0, 0, 0, 0, 1, 0, 'I', '2', '2016-07-30 09:59:09'),
(568, '', 0, 0, 0, 0, 1, 0, 'I', '2', '2016-07-30 09:59:09'),
(569, '', 0, 0, 0, 0, 1, 0, 'I', '2', '2016-07-30 09:59:09'),
(570, '', 0, 0, 0, 0, 1, 0, 'I', '2', '2016-07-30 09:59:09'),
(571, '', 0, 0, 0, 0, 1, 0, 'I', '2', '2016-07-30 09:59:09'),
(572, '', 0, 0, 0, 0, 1, 0, 'I', '2', '2016-07-30 09:59:09'),
(573, '', 0, 0, 0, 0, 1, 0, 'I', '2', '2016-07-30 09:59:09'),
(574, '', 0, 0, 0, 0, 1, 0, 'I', '2', '2016-07-30 09:59:09'),
(575, '', 0, 0, 0, 0, 1, 0, 'I', '2', '2016-07-30 09:59:09'),
(576, '', 0, 0, 0, 0, 1, 0, 'I', '2', '2016-07-30 09:59:09'),
(577, '', 0, 0, 0, 0, 1, 0, 'I', '2', '2016-07-30 09:59:09'),
(578, '', 0, 0, 0, 0, 1, 0, 'I', '2', '2016-07-30 09:59:09'),
(579, '', 0, 0, 0, 0, 1, 0, 'I', '2', '2016-07-30 09:59:09'),
(580, '', 0, 0, 0, 0, 1, 0, 'I', '2', '2016-07-30 09:59:09'),
(581, '', 0, 0, 0, 0, 1, 0, 'I', '2', '2016-07-30 09:59:09'),
(582, '', 0, 0, 0, 0, 1, 0, 'I', '2', '2016-07-30 09:59:09'),
(583, '', 0, 0, 0, 0, 1, 0, 'I', '2', '2016-07-30 09:59:09'),
(584, '', 0, 0, 0, 0, 1, 0, 'I', '2', '2016-07-30 09:59:09'),
(585, '', 0, 0, 0, 0, 1, 0, 'I', '2', '2016-07-30 09:59:09'),
(586, '', 0, 0, 0, 0, 1, 0, 'I', '2', '2016-07-30 09:59:09'),
(587, '', 0, 0, 0, 0, 1, 0, 'I', '2', '2016-07-30 09:59:09'),
(588, '', 0, 0, 0, 0, 1, 0, 'I', '2', '2016-07-30 09:59:09'),
(589, '', 0, 0, 0, 0, 1, 0, 'I', '2', '2016-07-30 09:59:09'),
(590, '', 0, 0, 0, 0, 1, 0, 'I', '2', '2016-07-30 09:59:09'),
(591, '', 0, 0, 0, 0, 1, 0, 'I', '2', '2016-07-30 09:59:09'),
(592, '', 0, 0, 0, 0, 1, 0, 'I', '2', '2016-07-30 09:59:09'),
(593, '', 0, 0, 0, 0, 1, 0, 'I', '2', '2016-07-30 09:59:09'),
(594, '', 0, 0, 0, 0, 1, 0, 'I', '2', '2016-07-30 09:59:09'),
(595, '', 0, 0, 0, 0, 1, 0, 'I', '2', '2016-07-30 09:59:09'),
(596, '', 0, 0, 0, 0, 1, 0, 'I', '2', '2016-07-30 09:59:09'),
(597, '', 0, 0, 0, 0, 1, 0, 'I', '2', '2016-07-30 09:59:09'),
(598, '', 0, 0, 0, 0, 1, 0, 'I', '2', '2016-07-30 09:59:09'),
(599, '', 0, 0, 0, 0, 1, 0, 'I', '2', '2016-07-30 09:59:09'),
(600, '', 0, 0, 0, 0, 1, 0, 'I', '2', '2016-07-30 09:59:09'),
(601, '', 0, 0, 0, 0, 1, 0, 'I', '2', '2016-07-30 09:59:09'),
(602, '', 0, 0, 0, 0, 1, 0, 'I', '2', '2016-07-30 09:59:09'),
(603, '', 0, 0, 0, 0, 1, 0, 'I', '2', '2016-07-30 09:59:09'),
(604, '', 0, 0, 0, 0, 1, 0, 'I', '2', '2016-07-30 09:59:09'),
(605, '', 0, 0, 0, 0, 1, 0, 'I', '2', '2016-07-30 09:59:09'),
(606, '', 0, 0, 0, 0, 1, 0, 'I', '2', '2016-07-30 09:59:09'),
(607, '', 0, 0, 0, 0, 1, 0, 'I', '2', '2016-07-30 09:59:09'),
(608, '', 0, 0, 0, 0, 1, 0, 'I', '2', '2016-07-30 09:59:09'),
(609, '', 0, 0, 0, 0, 1, 0, 'I', '2', '2016-07-30 09:59:09'),
(610, '', 0, 0, 0, 0, 1, 0, 'I', '2', '2016-07-30 09:59:09'),
(611, '', 0, 0, 0, 0, 1, 0, 'I', '2', '2016-07-30 09:59:09'),
(612, '', 0, 0, 0, 0, 1, 0, 'I', '2', '2016-07-30 09:59:09'),
(613, '', 0, 0, 0, 0, 1, 0, 'I', '2', '2016-07-30 09:59:09'),
(614, '', 0, 0, 0, 0, 1, 0, 'I', '2', '2016-07-30 09:59:09'),
(615, '', 0, 0, 0, 0, 1, 0, 'I', '2', '2016-07-30 09:59:09'),
(616, '', 0, 0, 0, 0, 1, 0, 'I', '2', '2016-07-30 09:59:09'),
(617, '', 0, 0, 0, 0, 1, 0, 'I', '2', '2016-07-30 09:59:09'),
(618, '', 0, 0, 0, 0, 1, 0, 'I', '2', '2016-07-30 09:59:09'),
(619, '', 0, 0, 0, 0, 1, 0, 'I', '2', '2016-07-30 09:59:09'),
(620, '', 0, 0, 0, 0, 1, 0, 'I', '2', '2016-07-30 09:59:09'),
(621, '', 0, 0, 0, 0, 1, 0, 'I', '2', '2016-07-30 09:59:09'),
(622, '', 0, 0, 0, 0, 1, 0, 'I', '2', '2016-07-30 09:59:09'),
(623, '', 0, 0, 0, 0, 1, 0, 'I', '2', '2016-07-30 09:59:09'),
(624, '', 0, 0, 0, 0, 1, 0, 'I', '2', '2016-07-30 09:59:09'),
(625, '', 0, 0, 0, 0, 1, 0, 'I', '2', '2016-07-30 09:59:09'),
(626, '', 0, 0, 0, 0, 1, 0, 'I', '2', '2016-07-30 09:59:09'),
(627, '', 0, 0, 0, 0, 1, 0, 'I', '2', '2016-07-30 09:59:09'),
(628, '', 0, 0, 0, 0, 1, 0, 'I', '2', '2016-07-30 09:59:09'),
(629, '', 0, 0, 0, 0, 1, 0, 'I', '2', '2016-07-30 09:59:09'),
(630, '', 0, 0, 0, 0, 1, 0, 'I', '2', '2016-07-30 09:59:09'),
(631, '', 0, 0, 0, 0, 1, 0, 'I', '2', '2016-07-30 09:59:09'),
(632, '', 0, 0, 0, 0, 1, 0, 'I', '2', '2016-07-30 09:59:09'),
(633, '', 0, 0, 0, 0, 1, 0, 'I', '2', '2016-07-30 09:59:09'),
(634, '', 0, 0, 0, 0, 1, 0, 'I', '2', '2016-07-30 09:59:09'),
(635, '', 0, 0, 0, 0, 1, 0, 'I', '2', '2016-07-30 09:59:09'),
(636, '', 0, 0, 0, 0, 1, 0, 'I', '2', '2016-07-30 09:59:09'),
(637, '', 0, 0, 0, 0, 1, 0, 'I', '2', '2016-07-30 09:59:09'),
(638, '', 0, 0, 0, 0, 1, 0, 'I', '2', '2016-07-30 09:59:09'),
(639, '', 0, 0, 0, 0, 1, 0, 'I', '2', '2016-07-30 09:59:09'),
(640, '', 0, 0, 0, 0, 1, 0, 'I', '2', '2016-07-30 09:59:09'),
(641, '', 0, 0, 0, 0, 1, 0, 'I', '2', '2016-07-30 09:59:09'),
(642, '', 0, 0, 0, 0, 1, 0, 'I', '2', '2016-07-30 09:59:09'),
(643, '', 0, 0, 0, 0, 1, 0, 'I', '2', '2016-07-30 09:59:09'),
(644, '', 0, 0, 0, 0, 1, 0, 'I', '2', '2016-07-30 09:59:09'),
(645, '', 0, 0, 0, 0, 1, 0, 'I', '2', '2016-07-30 09:59:09'),
(646, '', 0, 0, 0, 0, 1, 0, 'I', '2', '2016-07-30 09:59:09'),
(647, '', 0, 0, 0, 0, 1, 0, 'I', '2', '2016-07-30 09:59:09'),
(648, '', 0, 0, 0, 0, 1, 0, 'I', '2', '2016-07-30 09:59:09'),
(649, '', 0, 0, 0, 0, 1, 0, 'I', '2', '2016-07-30 09:59:09'),
(650, '', 0, 0, 0, 0, 1, 0, 'I', '2', '2016-07-30 09:59:09'),
(651, '', 0, 0, 0, 0, 1, 0, 'I', '2', '2016-07-30 09:59:09'),
(652, '', 0, 0, 0, 0, 1, 0, 'I', '2', '2016-07-30 09:59:09'),
(653, '', 0, 0, 0, 0, 1, 0, 'I', '2', '2016-07-30 09:59:09'),
(654, '', 0, 0, 0, 0, 1, 0, 'I', '2', '2016-07-30 09:59:09'),
(655, '', 0, 0, 0, 0, 1, 0, 'I', '2', '2016-07-30 09:59:09'),
(656, '', 0, 0, 0, 0, 1, 0, 'I', '2', '2016-07-30 09:59:09'),
(657, '', 0, 0, 0, 0, 1, 0, 'I', '2', '2016-07-30 09:59:09'),
(658, '', 0, 0, 0, 0, 1, 0, 'I', '2', '2016-07-30 09:59:09'),
(659, '', 0, 0, 0, 0, 1, 0, 'I', '2', '2016-07-30 09:59:09'),
(660, '', 0, 0, 0, 0, 1, 0, 'I', '2', '2016-07-30 09:59:09'),
(661, '', 0, 0, 0, 0, 1, 0, 'I', '2', '2016-07-30 09:59:09'),
(662, '', 0, 0, 0, 0, 1, 0, 'I', '2', '2016-07-30 09:59:09'),
(663, '', 0, 0, 0, 0, 1, 0, 'I', '2', '2016-07-30 09:59:09'),
(664, '', 0, 0, 0, 0, 1, 0, 'I', '2', '2016-07-30 09:59:09'),
(665, '', 0, 0, 0, 0, 1, 0, 'I', '2', '2016-07-30 09:59:09'),
(666, '', 0, 0, 0, 0, 1, 0, 'I', '2', '2016-07-30 09:59:09'),
(667, '', 0, 0, 0, 0, 1, 0, 'I', '2', '2016-07-30 09:59:09'),
(668, '', 0, 0, 0, 0, 1, 0, 'I', '2', '2016-07-30 09:59:09'),
(669, '', 0, 0, 0, 0, 1, 0, 'I', '2', '2016-07-30 09:59:09'),
(670, '', 0, 0, 0, 0, 1, 0, 'I', '2', '2016-07-30 09:59:09'),
(671, '', 0, 0, 0, 0, 1, 0, 'I', '2', '2016-07-30 09:59:09'),
(672, '', 0, 0, 0, 0, 1, 0, 'I', '2', '2016-07-30 09:59:09'),
(673, '', 0, 0, 0, 0, 1, 0, 'I', '2', '2016-07-30 09:59:09'),
(674, '', 0, 0, 0, 0, 1, 0, 'I', '2', '2016-07-30 09:59:09'),
(675, '', 0, 0, 0, 0, 1, 0, 'I', '2', '2016-07-30 09:59:09'),
(676, '', 0, 0, 0, 0, 1, 0, 'I', '2', '2016-07-30 09:59:09'),
(677, '', 0, 0, 0, 0, 1, 0, 'I', '2', '2016-07-30 09:59:09'),
(678, '', 0, 0, 0, 0, 1, 0, 'I', '2', '2016-07-30 09:59:09'),
(679, '', 0, 0, 0, 0, 1, 0, 'I', '2', '2016-07-30 09:59:09'),
(680, '', 0, 0, 0, 0, 1, 0, 'I', '2', '2016-07-30 09:59:09'),
(681, '', 0, 0, 0, 0, 1, 0, 'I', '2', '2016-07-30 09:59:09'),
(682, '', 0, 0, 0, 0, 1, 0, 'I', '2', '2016-07-30 09:59:09'),
(683, '', 0, 0, 0, 0, 1, 0, 'I', '2', '2016-07-30 09:59:09'),
(684, '', 0, 0, 0, 0, 1, 0, 'I', '2', '2016-07-30 09:59:09'),
(685, '', 0, 0, 0, 0, 1, 0, 'I', '2', '2016-07-30 09:59:09'),
(686, '', 0, 0, 0, 0, 1, 0, 'I', '2', '2016-07-30 09:59:09'),
(687, '', 0, 0, 0, 0, 1, 0, 'I', '2', '2016-07-30 09:59:09'),
(688, '', 0, 0, 0, 0, 1, 0, 'I', '2', '2016-07-30 09:59:09'),
(689, '', 0, 0, 0, 0, 1, 0, 'I', '2', '2016-07-30 09:59:09'),
(690, '', 0, 0, 0, 0, 1, 0, 'I', '2', '2016-07-30 09:59:09'),
(691, '', 0, 0, 0, 0, 1, 0, 'I', '2', '2016-07-30 09:59:09'),
(692, '', 0, 0, 0, 0, 1, 0, 'I', '2', '2016-07-30 09:59:09'),
(693, '', 0, 0, 0, 0, 1, 0, 'I', '2', '2016-07-30 09:59:09'),
(694, '', 0, 0, 0, 0, 1, 0, 'I', '2', '2016-07-30 09:59:09'),
(695, '', 0, 0, 0, 0, 1, 0, 'I', '2', '2016-07-30 09:59:09'),
(696, '', 0, 0, 0, 0, 1, 0, 'I', '2', '2016-07-30 09:59:09'),
(697, '', 0, 0, 0, 0, 1, 0, 'I', '2', '2016-07-30 09:59:09'),
(698, '', 0, 0, 0, 0, 1, 0, 'I', '2', '2016-07-30 09:59:09'),
(699, '', 0, 0, 0, 0, 1, 0, 'I', '2', '2016-07-30 09:59:09'),
(700, '', 0, 0, 0, 0, 1, 0, 'I', '2', '2016-07-30 09:59:09'),
(701, '', 0, 0, 0, 0, 1, 0, 'I', '2', '2016-07-30 09:59:09'),
(702, '', 0, 0, 0, 0, 1, 0, 'I', '2', '2016-07-30 09:59:09'),
(703, '', 0, 0, 0, 0, 1, 0, 'I', '2', '2016-07-30 09:59:09'),
(704, '', 0, 0, 0, 0, 1, 0, 'I', '2', '2016-07-30 09:59:09'),
(705, '', 0, 0, 0, 0, 1, 0, 'I', '2', '2016-07-30 09:59:09'),
(706, '', 0, 0, 0, 0, 1, 0, 'I', '2', '2016-07-30 09:59:09'),
(707, '', 0, 0, 0, 0, 1, 0, 'I', '2', '2016-07-30 09:59:09'),
(708, '', 0, 0, 0, 0, 1, 0, 'I', '2', '2016-07-30 09:59:09'),
(709, '', 0, 0, 0, 0, 1, 0, 'I', '2', '2016-07-30 09:59:09'),
(710, '', 0, 0, 0, 0, 1, 0, 'I', '2', '2016-07-30 09:59:09'),
(711, '', 0, 0, 0, 0, 1, 0, 'I', '2', '2016-07-30 09:59:09'),
(712, '', 0, 0, 0, 0, 1, 0, 'I', '2', '2016-07-30 09:59:09'),
(713, '', 0, 0, 0, 0, 1, 0, 'I', '2', '2016-07-30 09:59:09'),
(714, '', 0, 0, 0, 0, 1, 0, 'I', '2', '2016-07-30 09:59:09'),
(715, '', 0, 0, 0, 0, 1, 0, 'I', '2', '2016-07-30 09:59:09'),
(716, '', 0, 0, 0, 0, 1, 0, 'I', '2', '2016-07-30 09:59:09'),
(717, '', 0, 0, 0, 0, 1, 0, 'I', '2', '2016-07-30 09:59:09'),
(718, '', 0, 0, 0, 0, 1, 0, 'I', '2', '2016-07-30 09:59:09'),
(719, '', 0, 0, 0, 0, 1, 0, 'I', '2', '2016-07-30 09:59:09'),
(720, '', 0, 0, 0, 0, 1, 0, 'I', '2', '2016-07-30 09:59:09'),
(721, '', 0, 0, 0, 0, 1, 0, 'I', '2', '2016-07-30 09:59:09'),
(722, '', 0, 0, 0, 0, 1, 0, 'I', '2', '2016-07-30 09:59:09'),
(723, '', 0, 0, 0, 0, 1, 0, 'I', '2', '2016-07-30 09:59:09'),
(724, '', 0, 0, 0, 0, 1, 0, 'I', '2', '2016-07-30 09:59:09'),
(725, '', 0, 0, 0, 0, 1, 0, 'I', '2', '2016-07-30 09:59:09'),
(726, '', 0, 0, 0, 0, 1, 0, 'I', '2', '2016-07-30 09:59:09'),
(727, '', 0, 0, 0, 0, 1, 0, 'I', '2', '2016-07-30 09:59:09'),
(728, '', 0, 0, 0, 0, 1, 0, 'I', '2', '2016-07-30 09:59:09'),
(729, '', 0, 0, 0, 0, 1, 0, 'I', '2', '2016-07-30 09:59:09'),
(730, '', 0, 0, 0, 0, 1, 0, 'I', '2', '2016-07-30 09:59:10'),
(731, '', 0, 0, 0, 0, 1, 0, 'I', '2', '2016-07-30 09:59:10'),
(732, '', 0, 0, 0, 0, 1, 0, 'I', '2', '2016-07-30 09:59:10'),
(733, '', 0, 0, 0, 0, 1, 0, 'I', '2', '2016-07-30 09:59:10'),
(734, '', 0, 0, 0, 0, 1, 0, 'I', '2', '2016-07-30 09:59:10'),
(735, '', 0, 0, 0, 0, 1, 0, 'I', '2', '2016-07-30 09:59:10'),
(736, '', 0, 0, 0, 0, 1, 0, 'I', '2', '2016-07-30 09:59:10'),
(737, '', 0, 0, 0, 0, 1, 0, 'I', '2', '2016-07-30 09:59:10'),
(738, '', 0, 0, 0, 0, 1, 0, 'I', '2', '2016-07-30 09:59:10'),
(739, '', 0, 0, 0, 0, 1, 0, 'I', '2', '2016-07-30 09:59:10'),
(740, '', 0, 0, 0, 0, 1, 0, 'I', '2', '2016-07-30 09:59:10'),
(741, '', 0, 0, 0, 0, 1, 0, 'I', '2', '2016-07-30 09:59:10'),
(742, '', 0, 0, 0, 0, 1, 0, 'I', '2', '2016-07-30 09:59:10'),
(743, '', 0, 0, 0, 0, 1, 0, 'I', '2', '2016-07-30 09:59:10'),
(744, '', 0, 0, 0, 0, 1, 0, 'I', '2', '2016-07-30 09:59:10'),
(745, '', 0, 0, 0, 0, 1, 0, 'I', '2', '2016-07-30 09:59:10'),
(746, '', 0, 0, 0, 0, 1, 0, 'I', '2', '2016-07-30 09:59:10'),
(747, '', 0, 0, 0, 0, 1, 0, 'I', '2', '2016-07-30 09:59:10'),
(748, '', 0, 0, 0, 0, 1, 0, 'I', '2', '2016-07-30 09:59:10'),
(749, '', 0, 0, 0, 0, 1, 0, 'I', '2', '2016-07-30 09:59:10'),
(750, '', 0, 0, 0, 0, 1, 0, 'I', '2', '2016-07-30 09:59:10'),
(751, '', 0, 0, 0, 0, 1, 0, 'I', '2', '2016-07-30 09:59:10'),
(752, '', 0, 0, 0, 0, 1, 0, 'I', '2', '2016-07-30 09:59:10'),
(753, '', 0, 0, 0, 0, 1, 0, 'I', '2', '2016-07-30 09:59:10'),
(754, '', 0, 0, 0, 0, 1, 0, 'I', '2', '2016-07-30 09:59:10'),
(755, '', 0, 0, 0, 0, 1, 0, 'I', '2', '2016-07-30 09:59:10'),
(756, '', 0, 0, 0, 0, 1, 0, 'I', '2', '2016-07-30 09:59:10'),
(757, '', 0, 0, 0, 0, 1, 0, 'I', '2', '2016-07-30 09:59:10'),
(758, '', 0, 0, 0, 0, 1, 0, 'I', '2', '2016-07-30 09:59:10'),
(759, '', 0, 0, 0, 0, 1, 0, 'I', '2', '2016-07-30 09:59:10'),
(760, '', 0, 0, 0, 0, 1, 0, 'I', '2', '2016-07-30 09:59:10'),
(761, '', 0, 0, 0, 0, 1, 0, 'I', '2', '2016-07-30 09:59:10'),
(762, '', 0, 0, 0, 0, 1, 0, 'I', '2', '2016-07-30 09:59:10'),
(763, '', 0, 0, 0, 0, 1, 0, 'I', '2', '2016-07-30 09:59:10'),
(764, '', 0, 0, 0, 0, 1, 0, 'I', '2', '2016-07-30 09:59:10'),
(765, '', 0, 0, 0, 0, 1, 0, 'I', '2', '2016-07-30 09:59:10'),
(766, '', 0, 0, 0, 0, 1, 0, 'I', '2', '2016-07-30 09:59:10'),
(767, '', 0, 0, 0, 0, 1, 0, 'I', '2', '2016-07-30 09:59:10'),
(768, '', 0, 0, 0, 0, 1, 0, 'I', '2', '2016-07-30 09:59:10'),
(769, '', 0, 0, 0, 0, 1, 0, 'I', '2', '2016-07-30 09:59:10'),
(770, '', 0, 0, 0, 0, 1, 0, 'I', '2', '2016-07-30 09:59:10'),
(771, '', 0, 0, 0, 0, 1, 0, 'I', '2', '2016-07-30 09:59:10'),
(772, '', 0, 0, 0, 0, 1, 0, 'I', '2', '2016-07-30 09:59:10'),
(773, '', 0, 0, 0, 0, 1, 0, 'I', '2', '2016-07-30 09:59:10'),
(774, '', 0, 0, 0, 0, 1, 0, 'I', '2', '2016-07-30 09:59:10'),
(775, '', 0, 0, 0, 0, 1, 0, 'I', '2', '2016-07-30 09:59:10'),
(776, '', 0, 0, 0, 0, 1, 0, 'I', '2', '2016-07-30 09:59:10'),
(777, '', 0, 0, 0, 0, 1, 0, 'I', '2', '2016-07-30 09:59:10'),
(778, '', 0, 0, 0, 0, 1, 0, 'I', '2', '2016-07-30 09:59:10'),
(779, '', 0, 0, 0, 0, 1, 0, 'I', '2', '2016-07-30 09:59:10'),
(780, '', 0, 0, 0, 0, 1, 0, 'I', '2', '2016-07-30 09:59:10'),
(781, '', 0, 0, 0, 0, 1, 0, 'I', '2', '2016-07-30 09:59:10'),
(782, '', 0, 0, 0, 0, 1, 0, 'I', '2', '2016-07-30 09:59:10'),
(783, '', 0, 0, 0, 0, 1, 0, 'I', '2', '2016-07-30 09:59:10'),
(784, '', 0, 0, 0, 0, 1, 0, 'I', '2', '2016-07-30 09:59:10'),
(785, '', 0, 0, 0, 0, 1, 0, 'I', '2', '2016-07-30 09:59:10'),
(786, '', 0, 0, 0, 0, 1, 0, 'I', '2', '2016-07-30 09:59:10'),
(787, '', 0, 0, 0, 0, 1, 0, 'I', '2', '2016-07-30 09:59:10'),
(788, '', 0, 0, 0, 0, 1, 0, 'I', '2', '2016-07-30 09:59:10'),
(789, '', 0, 0, 0, 0, 1, 0, 'I', '2', '2016-07-30 09:59:10'),
(790, '', 0, 0, 0, 0, 1, 0, 'I', '2', '2016-07-30 09:59:10'),
(791, '', 0, 0, 0, 0, 1, 0, 'I', '2', '2016-07-30 09:59:10'),
(792, '', 0, 0, 0, 0, 1, 0, 'I', '2', '2016-07-30 09:59:10'),
(793, '', 0, 0, 0, 0, 1, 0, 'I', '2', '2016-07-30 09:59:10'),
(794, '', 0, 0, 0, 0, 1, 0, 'I', '2', '2016-07-30 09:59:10'),
(795, '', 0, 0, 0, 0, 1, 0, 'I', '2', '2016-07-30 09:59:10'),
(796, '', 0, 0, 0, 0, 1, 0, 'I', '2', '2016-07-30 09:59:10'),
(797, '', 0, 0, 0, 0, 1, 0, 'I', '2', '2016-07-30 09:59:10'),
(798, '', 0, 0, 0, 0, 1, 0, 'I', '2', '2016-07-30 09:59:10'),
(799, '', 0, 0, 0, 0, 1, 0, 'I', '2', '2016-07-30 09:59:10'),
(800, '', 0, 0, 0, 0, 1, 0, 'I', '2', '2016-07-30 09:59:10'),
(801, '', 0, 0, 0, 0, 1, 0, 'I', '2', '2016-07-30 09:59:10'),
(802, '', 0, 0, 0, 0, 1, 0, 'I', '2', '2016-07-30 09:59:10'),
(803, '', 0, 0, 0, 0, 1, 0, 'I', '2', '2016-07-30 09:59:10'),
(804, '', 0, 0, 0, 0, 1, 0, 'I', '2', '2016-07-30 09:59:10'),
(805, '', 0, 0, 0, 0, 1, 0, 'I', '2', '2016-07-30 09:59:10'),
(806, '', 0, 0, 0, 0, 1, 0, 'I', '2', '2016-07-30 09:59:10'),
(807, '', 0, 0, 0, 0, 1, 0, 'I', '2', '2016-07-30 09:59:10'),
(808, '', 0, 0, 0, 0, 1, 0, 'I', '2', '2016-07-30 09:59:10'),
(809, '', 0, 0, 0, 0, 1, 0, 'I', '2', '2016-07-30 09:59:10'),
(810, '', 0, 0, 0, 0, 1, 0, 'I', '2', '2016-07-30 09:59:10'),
(811, '', 0, 0, 0, 0, 1, 0, 'I', '2', '2016-07-30 09:59:10'),
(812, '', 0, 0, 0, 0, 1, 0, 'I', '2', '2016-07-30 09:59:10'),
(813, '', 0, 0, 0, 0, 1, 0, 'I', '2', '2016-07-30 09:59:10'),
(814, '', 0, 0, 0, 0, 1, 0, 'I', '2', '2016-07-30 09:59:10'),
(815, '', 0, 0, 0, 0, 1, 0, 'I', '2', '2016-07-30 09:59:10'),
(816, '', 0, 0, 0, 0, 1, 0, 'I', '2', '2016-07-30 09:59:10'),
(817, '', 0, 0, 0, 0, 1, 0, 'I', '2', '2016-07-30 09:59:10'),
(818, '', 0, 0, 0, 0, 1, 0, 'I', '2', '2016-07-30 09:59:10'),
(819, '', 0, 0, 0, 0, 1, 0, 'I', '2', '2016-07-30 09:59:10'),
(820, '', 0, 0, 0, 0, 1, 0, 'I', '2', '2016-07-30 09:59:10'),
(821, '', 0, 0, 0, 0, 1, 0, 'I', '2', '2016-07-30 09:59:10'),
(822, '', 0, 0, 0, 0, 1, 0, 'I', '2', '2016-07-30 09:59:10'),
(823, '', 0, 0, 0, 0, 1, 0, 'I', '2', '2016-07-30 09:59:10'),
(824, '', 0, 0, 0, 0, 1, 0, 'I', '2', '2016-07-30 09:59:10'),
(825, '', 0, 0, 0, 0, 1, 0, 'I', '2', '2016-07-30 09:59:10'),
(826, '', 0, 0, 0, 0, 1, 0, 'I', '2', '2016-07-30 09:59:10'),
(827, '', 0, 0, 0, 0, 1, 0, 'I', '2', '2016-07-30 09:59:10'),
(828, '', 0, 0, 0, 0, 1, 0, 'I', '2', '2016-07-30 09:59:10'),
(829, '', 0, 0, 0, 0, 1, 0, 'I', '2', '2016-07-30 09:59:10'),
(830, '', 0, 0, 0, 0, 1, 0, 'I', '2', '2016-07-30 09:59:10'),
(831, '', 0, 0, 0, 0, 1, 0, 'I', '2', '2016-07-30 09:59:10'),
(832, '', 0, 0, 0, 0, 1, 0, 'I', '2', '2016-07-30 09:59:10'),
(833, '', 0, 0, 0, 0, 1, 0, 'I', '2', '2016-07-30 09:59:10'),
(834, '', 0, 0, 0, 0, 1, 0, 'I', '2', '2016-07-30 09:59:10'),
(835, '', 0, 0, 0, 0, 1, 0, 'I', '2', '2016-07-30 09:59:10'),
(836, '', 0, 0, 0, 0, 1, 0, 'I', '2', '2016-07-30 09:59:10');
INSERT INTO `participant` (`participant_id`, `participant_name`, `title_id`, `delegate_to`, `follower`, `group_id`, `event_id`, `additional_chair`, `_status`, `_user`, `_date`) VALUES
(837, '', 0, 0, 0, 0, 1, 0, 'I', '2', '2016-07-30 09:59:10'),
(838, '', 0, 0, 0, 0, 1, 0, 'I', '2', '2016-07-30 09:59:10'),
(839, '', 0, 0, 0, 0, 1, 0, 'I', '2', '2016-07-30 09:59:10'),
(840, '', 0, 0, 0, 0, 1, 0, 'I', '2', '2016-07-30 09:59:10'),
(841, '', 0, 0, 0, 0, 1, 0, 'I', '2', '2016-07-30 09:59:10'),
(842, '', 0, 0, 0, 0, 1, 0, 'I', '2', '2016-07-30 09:59:10'),
(843, '', 0, 0, 0, 0, 1, 0, 'I', '2', '2016-07-30 09:59:10'),
(844, '', 0, 0, 0, 0, 1, 0, 'I', '2', '2016-07-30 09:59:10'),
(845, '', 0, 0, 0, 0, 1, 0, 'I', '2', '2016-07-30 09:59:10'),
(846, '', 0, 0, 0, 0, 1, 0, 'I', '2', '2016-07-30 09:59:10'),
(847, '', 0, 0, 0, 0, 1, 0, 'I', '2', '2016-07-30 09:59:10'),
(848, '', 0, 0, 0, 0, 1, 0, 'I', '2', '2016-07-30 09:59:10'),
(849, '', 0, 0, 0, 0, 1, 0, 'I', '2', '2016-07-30 09:59:10'),
(850, '', 0, 0, 0, 0, 1, 0, 'I', '2', '2016-07-30 09:59:10'),
(851, '', 0, 0, 0, 0, 1, 0, 'I', '2', '2016-07-30 09:59:10'),
(852, '', 0, 0, 0, 0, 1, 0, 'I', '2', '2016-07-30 09:59:10'),
(853, '', 0, 0, 0, 0, 1, 0, 'I', '2', '2016-07-30 09:59:10'),
(854, '', 0, 0, 0, 0, 1, 0, 'I', '2', '2016-07-30 09:59:10'),
(855, '', 0, 0, 0, 0, 1, 0, 'I', '2', '2016-07-30 09:59:10'),
(856, '', 0, 0, 0, 0, 1, 0, 'I', '2', '2016-07-30 09:59:10'),
(857, '', 0, 0, 0, 0, 1, 0, 'I', '2', '2016-07-30 09:59:10'),
(858, '', 0, 0, 0, 0, 1, 0, 'I', '2', '2016-07-30 09:59:10'),
(859, '', 0, 0, 0, 0, 1, 0, 'I', '2', '2016-07-30 09:59:10'),
(860, '', 0, 0, 0, 0, 1, 0, 'I', '2', '2016-07-30 09:59:10'),
(861, '', 0, 0, 0, 0, 1, 0, 'I', '2', '2016-07-30 09:59:10'),
(862, '', 0, 0, 0, 0, 1, 0, 'I', '2', '2016-07-30 09:59:10'),
(863, '', 0, 0, 0, 0, 1, 0, 'I', '2', '2016-07-30 09:59:10'),
(864, '', 0, 0, 0, 0, 1, 0, 'I', '2', '2016-07-30 09:59:10'),
(865, '', 0, 0, 0, 0, 1, 0, 'I', '2', '2016-07-30 09:59:10'),
(866, '', 0, 0, 0, 0, 1, 0, 'I', '2', '2016-07-30 09:59:10'),
(867, '', 0, 0, 0, 0, 1, 0, 'I', '2', '2016-07-30 09:59:10'),
(868, '', 0, 0, 0, 0, 1, 0, 'I', '2', '2016-07-30 09:59:10'),
(869, '', 0, 0, 0, 0, 1, 0, 'I', '2', '2016-07-30 09:59:10'),
(870, '', 0, 0, 0, 0, 1, 0, 'I', '2', '2016-07-30 09:59:10'),
(871, '', 0, 0, 0, 0, 1, 0, 'I', '2', '2016-07-30 09:59:10'),
(872, '', 0, 0, 0, 0, 1, 0, 'I', '2', '2016-07-30 09:59:10'),
(873, '', 0, 0, 0, 0, 1, 0, 'I', '2', '2016-07-30 09:59:10'),
(874, '', 0, 0, 0, 0, 1, 0, 'I', '2', '2016-07-30 09:59:10'),
(875, '', 0, 0, 0, 0, 1, 0, 'I', '2', '2016-07-30 09:59:10'),
(876, '', 0, 0, 0, 0, 1, 0, 'I', '2', '2016-07-30 09:59:10'),
(877, '', 0, 0, 0, 0, 1, 0, 'I', '2', '2016-07-30 09:59:10'),
(878, '', 0, 0, 0, 0, 1, 0, 'I', '2', '2016-07-30 09:59:10'),
(879, '', 0, 0, 0, 0, 1, 0, 'I', '2', '2016-07-30 09:59:10'),
(880, '', 0, 0, 0, 0, 1, 0, 'I', '2', '2016-07-30 09:59:10'),
(881, '', 0, 0, 0, 0, 1, 0, 'I', '2', '2016-07-30 09:59:10'),
(882, '', 0, 0, 0, 0, 1, 0, 'I', '2', '2016-07-30 09:59:10'),
(883, '', 0, 0, 0, 0, 1, 0, 'I', '2', '2016-07-30 09:59:10'),
(884, '', 0, 0, 0, 0, 1, 0, 'I', '2', '2016-07-30 09:59:10'),
(885, '', 0, 0, 0, 0, 1, 0, 'I', '2', '2016-07-30 09:59:10'),
(886, '', 0, 0, 0, 0, 1, 0, 'I', '2', '2016-07-30 09:59:10'),
(887, '', 0, 0, 0, 0, 1, 0, 'I', '2', '2016-07-30 09:59:10'),
(888, '', 0, 0, 0, 0, 1, 0, 'I', '2', '2016-07-30 09:59:10'),
(889, '', 0, 0, 0, 0, 1, 0, 'I', '2', '2016-07-30 09:59:10'),
(890, '', 0, 0, 0, 0, 1, 0, 'I', '2', '2016-07-30 09:59:10'),
(891, '', 0, 0, 0, 0, 1, 0, 'I', '2', '2016-07-30 09:59:10'),
(892, '', 0, 0, 0, 0, 1, 0, 'I', '2', '2016-07-30 09:59:10'),
(893, '', 0, 0, 0, 0, 1, 0, 'I', '2', '2016-07-30 09:59:10'),
(894, '', 0, 0, 0, 0, 1, 0, 'I', '2', '2016-07-30 09:59:10'),
(895, '', 0, 0, 0, 0, 1, 0, 'I', '2', '2016-07-30 09:59:10'),
(896, '', 0, 0, 0, 0, 1, 0, 'I', '2', '2016-07-30 09:59:10'),
(897, '', 0, 0, 0, 0, 1, 0, 'I', '2', '2016-07-30 09:59:10'),
(898, '', 0, 0, 0, 0, 1, 0, 'I', '2', '2016-07-30 09:59:10'),
(899, '', 0, 0, 0, 0, 1, 0, 'I', '2', '2016-07-30 09:59:10'),
(900, '', 0, 0, 0, 0, 1, 0, 'I', '2', '2016-07-30 09:59:10'),
(901, '', 0, 0, 0, 0, 1, 0, 'I', '2', '2016-07-30 09:59:10'),
(902, '', 0, 0, 0, 0, 1, 0, 'I', '2', '2016-07-30 09:59:10'),
(903, '', 0, 0, 0, 0, 1, 0, 'I', '2', '2016-07-30 09:59:10'),
(904, '', 0, 0, 0, 0, 1, 0, 'I', '2', '2016-07-30 09:59:10'),
(905, '', 0, 0, 0, 0, 1, 0, 'I', '2', '2016-07-30 09:59:10'),
(906, '', 0, 0, 0, 0, 1, 0, 'I', '2', '2016-07-30 09:59:10'),
(907, '', 0, 0, 0, 0, 1, 0, 'I', '2', '2016-07-30 09:59:10'),
(908, '', 0, 0, 0, 0, 1, 0, 'I', '2', '2016-07-30 09:59:10'),
(909, '', 0, 0, 0, 0, 1, 0, 'I', '2', '2016-07-30 09:59:10'),
(910, '', 0, 0, 0, 0, 1, 0, 'I', '2', '2016-07-30 09:59:10'),
(911, '', 0, 0, 0, 0, 1, 0, 'I', '2', '2016-07-30 09:59:10'),
(912, '', 0, 0, 0, 0, 1, 0, 'I', '2', '2016-07-30 09:59:10'),
(913, '', 0, 0, 0, 0, 1, 0, 'I', '2', '2016-07-30 09:59:10'),
(914, '', 0, 0, 0, 0, 1, 0, 'I', '2', '2016-07-30 09:59:10'),
(915, '', 0, 0, 0, 0, 1, 0, 'I', '2', '2016-07-30 09:59:10'),
(916, '', 0, 0, 0, 0, 1, 0, 'I', '2', '2016-07-30 09:59:10'),
(917, '', 0, 0, 0, 0, 1, 0, 'I', '2', '2016-07-30 09:59:10'),
(918, '', 0, 0, 0, 0, 1, 0, 'I', '2', '2016-07-30 09:59:10'),
(919, '', 0, 0, 0, 0, 1, 0, 'I', '2', '2016-07-30 09:59:10'),
(920, '', 0, 0, 0, 0, 1, 0, 'I', '2', '2016-07-30 09:59:10'),
(921, '', 0, 0, 0, 0, 1, 0, 'I', '2', '2016-07-30 09:59:10'),
(922, '', 0, 0, 0, 0, 1, 0, 'I', '2', '2016-07-30 09:59:10'),
(923, '', 0, 0, 0, 0, 1, 0, 'I', '2', '2016-07-30 09:59:10'),
(924, '', 0, 0, 0, 0, 1, 0, 'I', '2', '2016-07-30 09:59:10'),
(925, '', 0, 0, 0, 0, 1, 0, 'I', '2', '2016-07-30 09:59:10'),
(926, '', 0, 0, 0, 0, 1, 0, 'I', '2', '2016-07-30 09:59:10'),
(927, '', 0, 0, 0, 0, 1, 0, 'I', '2', '2016-07-30 09:59:10'),
(928, '', 0, 0, 0, 0, 1, 0, 'I', '2', '2016-07-30 09:59:10'),
(929, '', 0, 0, 0, 0, 1, 0, 'I', '2', '2016-07-30 09:59:10'),
(930, '', 0, 0, 0, 0, 1, 0, 'I', '2', '2016-07-30 09:59:10'),
(931, '', 0, 0, 0, 0, 1, 0, 'I', '2', '2016-07-30 09:59:10'),
(932, '', 0, 0, 0, 0, 1, 0, 'I', '2', '2016-07-30 09:59:10'),
(933, '', 0, 0, 0, 0, 1, 0, 'I', '2', '2016-07-30 09:59:10'),
(934, '', 0, 0, 0, 0, 1, 0, 'I', '2', '2016-07-30 09:59:10'),
(935, '', 0, 0, 0, 0, 1, 0, 'I', '2', '2016-07-30 09:59:10'),
(936, '', 0, 0, 0, 0, 1, 0, 'I', '2', '2016-07-30 09:59:10'),
(937, '', 0, 0, 0, 0, 1, 0, 'I', '2', '2016-07-30 09:59:10'),
(938, '', 0, 0, 0, 0, 1, 0, 'I', '2', '2016-07-30 09:59:10'),
(939, '', 0, 0, 0, 0, 1, 0, 'I', '2', '2016-07-30 09:59:10'),
(940, '', 0, 0, 0, 0, 1, 0, 'I', '2', '2016-07-30 09:59:10'),
(941, '', 0, 0, 0, 0, 1, 0, 'I', '2', '2016-07-30 09:59:10'),
(942, '', 0, 0, 0, 0, 1, 0, 'I', '2', '2016-07-30 09:59:10'),
(943, '', 0, 0, 0, 0, 1, 0, 'I', '2', '2016-07-30 09:59:10'),
(944, '', 0, 0, 0, 0, 1, 0, 'I', '2', '2016-07-30 09:59:10'),
(945, '', 0, 0, 0, 0, 1, 0, 'I', '2', '2016-07-30 09:59:10'),
(946, '', 0, 0, 0, 0, 1, 0, 'I', '2', '2016-07-30 09:59:10'),
(947, '', 0, 0, 0, 0, 1, 0, 'I', '2', '2016-07-30 09:59:10'),
(948, '', 0, 0, 0, 0, 1, 0, 'I', '2', '2016-07-30 09:59:10'),
(949, '', 0, 0, 0, 0, 1, 0, 'I', '2', '2016-07-30 09:59:10'),
(950, '', 0, 0, 0, 0, 1, 0, 'I', '2', '2016-07-30 09:59:10'),
(951, '', 0, 0, 0, 0, 1, 0, 'I', '2', '2016-07-30 09:59:10'),
(952, '', 0, 0, 0, 0, 1, 0, 'I', '2', '2016-07-30 09:59:10'),
(953, '', 0, 0, 0, 0, 1, 0, 'I', '2', '2016-07-30 09:59:10'),
(954, '', 0, 0, 0, 0, 1, 0, 'I', '2', '2016-07-30 09:59:10'),
(955, '', 0, 0, 0, 0, 1, 0, 'I', '2', '2016-07-30 09:59:10'),
(956, '', 0, 0, 0, 0, 1, 0, 'I', '2', '2016-07-30 09:59:10'),
(957, '', 0, 0, 0, 0, 1, 0, 'I', '2', '2016-07-30 09:59:10'),
(958, '', 0, 0, 0, 0, 1, 0, 'I', '2', '2016-07-30 09:59:10'),
(959, '', 0, 0, 0, 0, 1, 0, 'I', '2', '2016-07-30 09:59:10'),
(960, '', 0, 0, 0, 0, 1, 0, 'I', '2', '2016-07-30 09:59:10'),
(961, '', 0, 0, 0, 0, 1, 0, 'I', '2', '2016-07-30 09:59:10'),
(962, '', 0, 0, 0, 0, 1, 0, 'I', '2', '2016-07-30 09:59:10'),
(963, '', 0, 0, 0, 0, 1, 0, 'I', '2', '2016-07-30 09:59:10'),
(964, '', 0, 0, 0, 0, 1, 0, 'I', '2', '2016-07-30 09:59:10'),
(965, '', 0, 0, 0, 0, 1, 0, 'I', '2', '2016-07-30 09:59:10'),
(966, '', 0, 0, 0, 0, 1, 0, 'I', '2', '2016-07-30 09:59:10'),
(967, '', 0, 0, 0, 0, 1, 0, 'I', '2', '2016-07-30 09:59:10'),
(968, '', 0, 0, 0, 0, 1, 0, 'I', '2', '2016-07-30 09:59:10'),
(969, '', 0, 0, 0, 0, 1, 0, 'I', '2', '2016-07-30 09:59:10'),
(970, '', 0, 0, 0, 0, 1, 0, 'I', '2', '2016-07-30 09:59:10'),
(971, '', 0, 0, 0, 0, 1, 0, 'I', '2', '2016-07-30 09:59:10'),
(972, '', 0, 0, 0, 0, 1, 0, 'I', '2', '2016-07-30 09:59:10'),
(973, '', 0, 0, 0, 0, 1, 0, 'I', '2', '2016-07-30 09:59:10'),
(974, '', 0, 0, 0, 0, 1, 0, 'I', '2', '2016-07-30 09:59:10'),
(975, '', 0, 0, 0, 0, 1, 0, 'I', '2', '2016-07-30 09:59:10'),
(976, '', 0, 0, 0, 0, 1, 0, 'I', '2', '2016-07-30 09:59:10'),
(977, '', 0, 0, 0, 0, 1, 0, 'I', '2', '2016-07-30 09:59:10'),
(978, '', 0, 0, 0, 0, 1, 0, 'I', '2', '2016-07-30 09:59:10'),
(979, '', 0, 0, 0, 0, 1, 0, 'I', '2', '2016-07-30 09:59:10'),
(980, '', 0, 0, 0, 0, 1, 0, 'I', '2', '2016-07-30 09:59:10'),
(981, '', 0, 0, 0, 0, 1, 0, 'I', '2', '2016-07-30 09:59:10'),
(982, '', 0, 0, 0, 0, 1, 0, 'I', '2', '2016-07-30 09:59:10'),
(983, '', 0, 0, 0, 0, 1, 0, 'I', '2', '2016-07-30 09:59:10'),
(984, '', 0, 0, 0, 0, 1, 0, 'I', '2', '2016-07-30 09:59:10'),
(985, '', 0, 0, 0, 0, 1, 0, 'I', '2', '2016-07-30 09:59:10'),
(986, '', 0, 0, 0, 0, 1, 0, 'I', '2', '2016-07-30 09:59:10'),
(987, '', 0, 0, 0, 0, 1, 0, 'I', '2', '2016-07-30 09:59:10'),
(988, '', 0, 0, 0, 0, 1, 0, 'I', '2', '2016-07-30 09:59:10'),
(989, '', 0, 0, 0, 0, 1, 0, 'I', '2', '2016-07-30 09:59:10'),
(990, '', 0, 0, 0, 0, 1, 0, 'I', '2', '2016-07-30 09:59:10'),
(991, '', 0, 0, 0, 0, 1, 0, 'I', '2', '2016-07-30 09:59:10'),
(992, '', 0, 0, 0, 0, 1, 0, 'I', '2', '2016-07-30 09:59:10'),
(993, '', 0, 0, 0, 0, 1, 0, 'I', '2', '2016-07-30 09:59:10'),
(994, '', 0, 0, 0, 0, 1, 0, 'I', '2', '2016-07-30 09:59:10'),
(995, '', 0, 0, 0, 0, 1, 0, 'I', '2', '2016-07-30 09:59:10'),
(996, '', 0, 0, 0, 0, 1, 0, 'I', '2', '2016-07-30 09:59:10'),
(997, '', 0, 0, 0, 0, 1, 0, 'I', '2', '2016-07-30 09:59:10'),
(998, '', 0, 0, 0, 0, 1, 0, 'I', '2', '2016-07-30 09:59:10'),
(999, '', 0, 0, 0, 0, 1, 0, 'I', '2', '2016-07-30 09:59:10'),
(1000, '', 0, 0, 0, 0, 1, 0, 'I', '2', '2016-07-30 09:59:10'),
(1001, '', 0, 0, 0, 0, 1, 0, 'I', '2', '2016-07-30 09:59:10'),
(1002, '', 0, 0, 0, 0, 1, 0, 'I', '2', '2016-07-30 09:59:10'),
(1003, '', 0, 0, 0, 0, 1, 0, 'I', '2', '2016-07-30 09:59:10'),
(1004, '', 0, 0, 0, 0, 1, 0, 'I', '2', '2016-07-30 09:59:10'),
(1005, '', 0, 0, 0, 0, 1, 0, 'I', '2', '2016-07-30 09:59:10'),
(1006, '', 0, 0, 0, 0, 1, 0, 'I', '2', '2016-07-30 09:59:10'),
(1007, '', 0, 0, 0, 0, 1, 0, 'I', '2', '2016-07-30 09:59:10'),
(1008, '', 0, 0, 0, 0, 1, 0, 'I', '2', '2016-07-30 09:59:10'),
(1009, '', 0, 0, 0, 0, 1, 0, 'I', '2', '2016-07-30 09:59:10'),
(1010, '', 0, 0, 0, 0, 1, 0, 'I', '2', '2016-07-30 09:59:10'),
(1011, '', 0, 0, 0, 0, 1, 0, 'I', '2', '2016-07-30 09:59:10'),
(1012, '', 0, 0, 0, 0, 1, 0, 'I', '2', '2016-07-30 09:59:10'),
(1013, '', 0, 0, 0, 0, 1, 0, 'I', '2', '2016-07-30 09:59:10'),
(1014, '', 0, 0, 0, 0, 1, 0, 'I', '2', '2016-07-30 09:59:10'),
(1015, '', 0, 0, 0, 0, 1, 0, 'I', '2', '2016-07-30 09:59:10'),
(1016, '', 0, 0, 0, 0, 1, 0, 'I', '2', '2016-07-30 09:59:10'),
(1017, '', 0, 0, 0, 0, 1, 0, 'I', '2', '2016-07-30 09:59:10'),
(1018, '', 0, 0, 0, 0, 1, 0, 'I', '2', '2016-07-30 09:59:10'),
(1019, '', 0, 0, 0, 0, 1, 0, 'I', '2', '2016-07-30 09:59:10'),
(1020, '', 0, 0, 0, 0, 1, 0, 'I', '2', '2016-07-30 09:59:10'),
(1021, '', 0, 0, 0, 0, 1, 0, 'I', '2', '2016-07-30 09:59:10'),
(1022, '', 0, 0, 0, 0, 1, 0, 'I', '2', '2016-07-30 09:59:10'),
(1023, '', 0, 0, 0, 0, 1, 0, 'I', '2', '2016-07-30 09:59:10'),
(1024, '', 0, 0, 0, 0, 1, 0, 'I', '2', '2016-07-30 09:59:10'),
(1025, '', 0, 0, 0, 0, 1, 0, 'I', '2', '2016-07-30 09:59:10'),
(1026, '', 0, 0, 0, 0, 1, 0, 'I', '2', '2016-07-30 09:59:10'),
(1027, '', 0, 0, 0, 0, 1, 0, 'I', '2', '2016-07-30 09:59:10'),
(1028, '', 0, 0, 0, 0, 1, 0, 'I', '2', '2016-07-30 09:59:10'),
(1029, '', 0, 0, 0, 0, 1, 0, 'I', '2', '2016-07-30 09:59:10'),
(1030, '', 0, 0, 0, 0, 1, 0, 'I', '2', '2016-07-30 09:59:10'),
(1031, '', 0, 0, 0, 0, 1, 0, 'I', '2', '2016-07-30 09:59:10'),
(1032, '', 0, 0, 0, 0, 1, 0, 'I', '2', '2016-07-30 09:59:10'),
(1033, '', 0, 0, 0, 0, 1, 0, 'I', '2', '2016-07-30 09:59:10'),
(1034, '', 0, 0, 0, 0, 1, 0, 'I', '2', '2016-07-30 09:59:10'),
(1035, '', 0, 0, 0, 0, 1, 0, 'I', '2', '2016-07-30 09:59:10'),
(1036, '', 0, 0, 0, 0, 1, 0, 'I', '2', '2016-07-30 09:59:10'),
(1037, '', 0, 0, 0, 0, 1, 0, 'I', '2', '2016-07-30 09:59:10'),
(1038, '', 0, 0, 0, 0, 1, 0, 'I', '2', '2016-07-30 09:59:10'),
(1039, '', 0, 0, 0, 0, 1, 0, 'I', '2', '2016-07-30 09:59:10'),
(1040, '', 0, 0, 0, 0, 1, 0, 'I', '2', '2016-07-30 09:59:10'),
(1041, '', 0, 0, 0, 0, 1, 0, 'I', '2', '2016-07-30 09:59:10'),
(1042, '', 0, 0, 0, 0, 1, 0, 'I', '2', '2016-07-30 09:59:10'),
(1043, '', 0, 0, 0, 0, 1, 0, 'I', '2', '2016-07-30 09:59:10'),
(1044, '', 0, 0, 0, 0, 1, 0, 'I', '2', '2016-07-30 09:59:10'),
(1045, '', 0, 0, 0, 0, 1, 0, 'I', '2', '2016-07-30 09:59:10'),
(1046, '', 0, 0, 0, 0, 1, 0, 'I', '2', '2016-07-30 09:59:10'),
(1047, '', 0, 0, 0, 0, 1, 0, 'I', '2', '2016-07-30 09:59:10'),
(1048, '', 0, 0, 0, 0, 1, 0, 'I', '2', '2016-07-30 09:59:10'),
(1049, '', 0, 0, 0, 0, 1, 0, 'I', '2', '2016-07-30 09:59:10'),
(1050, '', 0, 0, 0, 0, 1, 0, 'I', '2', '2016-07-30 09:59:10'),
(1051, '', 0, 0, 0, 0, 1, 0, 'I', '2', '2016-07-30 09:59:10'),
(1052, '', 0, 0, 0, 0, 1, 0, 'I', '2', '2016-07-30 09:59:10'),
(1053, '', 0, 0, 0, 0, 1, 0, 'I', '2', '2016-07-30 09:59:10'),
(1054, '', 0, 0, 0, 0, 1, 0, 'I', '2', '2016-07-30 09:59:10'),
(1055, '', 0, 0, 0, 0, 1, 0, 'I', '2', '2016-07-30 09:59:10'),
(1056, '', 0, 0, 0, 0, 1, 0, 'I', '2', '2016-07-30 09:59:10'),
(1057, '', 0, 0, 0, 0, 1, 0, 'I', '2', '2016-07-30 09:59:10'),
(1058, '', 0, 0, 0, 0, 1, 0, 'I', '2', '2016-07-30 09:59:10'),
(1059, '', 0, 0, 0, 0, 1, 0, 'I', '2', '2016-07-30 09:59:10'),
(1060, '', 0, 0, 0, 0, 1, 0, 'I', '2', '2016-07-30 09:59:10'),
(1061, '', 0, 0, 0, 0, 1, 0, 'I', '2', '2016-07-30 09:59:10'),
(1062, '', 0, 0, 0, 0, 1, 0, 'I', '2', '2016-07-30 09:59:10'),
(1063, '', 0, 0, 0, 0, 1, 0, 'I', '2', '2016-07-30 09:59:10'),
(1064, '', 0, 0, 0, 0, 1, 0, 'I', '2', '2016-07-30 09:59:10'),
(1065, '', 0, 0, 0, 0, 1, 0, 'I', '2', '2016-07-30 09:59:10'),
(1066, '', 0, 0, 0, 0, 1, 0, 'I', '2', '2016-07-30 09:59:10'),
(1067, '', 0, 0, 0, 0, 1, 0, 'I', '2', '2016-07-30 09:59:10'),
(1068, 'robin', 0, NULL, 0, 0, 1, 0, 'I', '1', '2016-07-30 10:02:32'),
(1069, 'robin', 0, NULL, 0, 0, 1, 0, 'I', '1', '2016-07-30 10:14:45'),
(1070, 'feli', 0, NULL, 0, 0, 1, 0, 'I', '1', '2016-07-30 10:31:11'),
(1071, 'budi', 0, NULL, 0, 0, 1, 0, 'I', '1', '2016-07-30 10:44:53'),
(1072, 'test1', 0, NULL, 0, 0, 1, 0, 'I', '1', '2016-07-30 10:45:52'),
(1073, 'test2', 0, NULL, 0, 0, 1, 0, 'I', '1', '2016-07-30 10:45:58'),
(1074, 'test3', 0, NULL, 0, 0, 1, 0, 'I', '1', '2016-07-30 10:46:04'),
(1075, 'test4', 0, NULL, 0, 0, 1, 0, 'I', '3', '2016-07-30 11:24:36'),
(1076, 'dari mac', 0, NULL, 0, 0, 1, 0, 'I', '3', '2016-07-30 11:35:18'),
(1077, 'halo', 1, NULL, 0, 0, 1, 0, 'I', '3', '2016-07-30 11:36:17'),
(1078, 'halo2', 0, NULL, 0, 0, 1, 0, 'I', '3', '2016-07-30 11:36:41'),
(1079, 'halo3', 0, NULL, 0, 0, 1, 0, 'I', '3', '2016-07-30 11:36:42'),
(1082, '', 0, 0, 0, 0, 1, 0, 'I', '2', '2016-08-04 10:33:15'),
(1083, 'wew', 0, NULL, 0, 0, 1, 0, 'U', '2', '2016-08-04 10:36:42'),
(1084, 'okeoke', 0, NULL, 0, 0, 1, 0, 'D', '2', '2016-08-04 10:37:20'),
(1085, '', 0, NULL, 0, 0, 1, 0, 'I', '2', '2016-08-04 10:45:37'),
(1086, '', 0, NULL, 0, 0, 1, 0, 'I', '2', '2016-08-04 10:45:48'),
(1087, 'asdjkl', 0, NULL, 0, 0, 1, 0, 'D', '2', '2016-08-04 10:58:14'),
(1088, '', 0, NULL, 0, 0, 1, 0, 'I', '2', '2016-08-04 10:55:36'),
(1089, '', 0, NULL, 0, 0, 1, 0, 'I', '2', '2016-08-04 11:40:18');

-- --------------------------------------------------------

--
-- Table structure for table `titles`
--

CREATE TABLE `titles` (
  `title_id` int(11) NOT NULL,
  `title_name` varchar(50) DEFAULT NULL,
  `_status` char(1) DEFAULT NULL,
  `_user` varchar(50) DEFAULT NULL,
  `_date` datetime DEFAULT NULL
) ENGINE=InnoDB DEFAULT CHARSET=latin1;

--
-- Dumping data for table `titles`
--

INSERT INTO `titles` (`title_id`, `title_name`, `_status`, `_user`, `_date`) VALUES
(0, '', 'A', 'admin', '2016-07-01 00:00:00'),
(1, 'Mr. ', 'A', 'admin', '0000-00-00 00:00:00'),
(2, 'Mrs. ', 'A', 'admin', '0000-00-00 00:00:00'),
(3, 'Miss ', 'A', 'admin', '0000-00-00 00:00:00'),
(4, 'Ms. ', 'A', 'admin', '0000-00-00 00:00:00');

-- --------------------------------------------------------

--
-- Table structure for table `verification`
--

CREATE TABLE `verification` (
  `card_id` varchar(30) NOT NULL,
  `verification_date` datetime NOT NULL,
  `_status` char(1) NOT NULL,
  `_user` varchar(50) NOT NULL,
  `_date` datetime NOT NULL
) ENGINE=InnoDB DEFAULT CHARSET=latin1;

--
-- Dumping data for table `verification`
--

INSERT INTO `verification` (`card_id`, `verification_date`, `_status`, `_user`, `_date`) VALUES
('102030', '2016-08-04 10:51:18', 'D', '2', '2016-08-04 15:39:08'),
('102030', '2016-08-04 10:51:27', 'D', '2', '2016-08-04 15:39:08'),
('102030', '2016-08-04 11:40:53', 'D', '2', '2016-08-04 15:39:08'),
('102030', '2016-08-04 11:41:00', 'D', '2', '2016-08-04 15:39:08'),
('102030', '2016-08-04 14:51:59', 'D', '2', '2016-08-04 15:39:08'),
('102030', '2016-08-04 14:52:55', 'D', '2', '2016-08-04 15:39:08'),
('102030', '2016-08-04 14:52:58', 'D', '2', '2016-08-04 15:39:08'),
('102030', '2016-08-04 14:53:08', 'D', '2', '2016-08-04 15:39:08'),
('102030', '2016-08-04 14:58:24', 'D', '2', '2016-08-04 15:39:08'),
('102030', '2016-08-04 15:08:34', 'D', '2', '2016-08-04 15:39:08'),
('102030', '2016-08-04 15:11:27', 'D', '2', '2016-08-04 15:39:08'),
('102030', '2016-08-04 15:13:26', 'D', '2', '2016-08-04 15:39:08'),
('102030', '2016-08-04 15:13:44', 'D', '2', '2016-08-04 15:39:08'),
('102030', '2016-08-04 15:16:55', 'D', '2', '2016-08-04 15:39:08'),
('102030', '2016-08-04 15:17:09', 'D', '2', '2016-08-04 15:39:08'),
('102030', '2016-08-04 15:31:28', 'D', '2', '2016-08-04 15:39:08'),
('102030', '2016-08-04 15:37:16', 'D', '2', '2016-08-04 15:39:08'),
('102030', '2016-08-04 15:39:08', 'D', '2', '2016-08-04 15:39:37'),
('102030', '2016-08-04 15:39:42', 'I', '2', '2016-08-04 15:39:42'),
('20160728070834', '2016-08-04 10:51:13', 'D', '2', '2016-08-04 15:40:17'),
('20160728070834', '2016-08-04 14:45:31', 'D', '2', '2016-08-04 15:40:17'),
('20160728070834', '2016-08-04 14:45:45', 'D', '2', '2016-08-04 15:40:17'),
('20160728070834', '2016-08-04 14:52:51', 'D', '2', '2016-08-04 15:40:17'),
('20160728070834', '2016-08-04 15:40:17', 'D', '2', '2016-08-04 15:42:29'),
('20160728070834', '2016-08-04 15:42:41', 'I', '2', '2016-08-04 15:42:41'),
('20160728070929', '2016-08-04 10:51:08', 'D', '2', '2016-08-04 14:45:22'),
('20160728070929', '2016-08-04 14:21:51', 'D', '2', '2016-08-04 14:45:22'),
('20160728070929', '2016-08-04 14:38:09', 'D', '2', '2016-08-04 14:45:34'),
('20160728070929', '2016-08-04 14:45:22', 'D', '2', '2016-08-04 14:45:38'),
('20160728070929', '2016-08-04 15:40:11', 'D', '2', '2016-08-04 15:42:31'),
('20160728070929', '2016-08-04 15:42:47', 'I', '2', '2016-08-04 15:42:47'),
('9999', '2016-08-04 10:51:20', 'D', '2', '2016-08-04 15:42:56'),
('9999', '2016-08-04 14:52:45', 'D', '2', '2016-08-04 15:42:56'),
('9999', '2016-08-04 15:42:56', 'I', '2', '2016-08-04 15:42:56');

--
-- Indexes for dumped tables
--

--
-- Indexes for table `card`
--
ALTER TABLE `card`
  ADD PRIMARY KEY (`card_id`);

--
-- Indexes for table `groups`
--
ALTER TABLE `groups`
  ADD PRIMARY KEY (`group_id`);

--
-- Indexes for table `participant`
--
ALTER TABLE `participant`
  ADD PRIMARY KEY (`participant_id`);

--
-- Indexes for table `titles`
--
ALTER TABLE `titles`
  ADD PRIMARY KEY (`title_id`);

--
-- Indexes for table `verification`
--
ALTER TABLE `verification`
  ADD PRIMARY KEY (`card_id`,`verification_date`);

--
-- AUTO_INCREMENT for dumped tables
--

--
-- AUTO_INCREMENT for table `groups`
--
ALTER TABLE `groups`
  MODIFY `group_id` int(11) NOT NULL AUTO_INCREMENT, AUTO_INCREMENT=8;
--
-- AUTO_INCREMENT for table `participant`
--
ALTER TABLE `participant`
  MODIFY `participant_id` int(11) NOT NULL AUTO_INCREMENT, AUTO_INCREMENT=1090;
--
-- AUTO_INCREMENT for table `titles`
--
ALTER TABLE `titles`
  MODIFY `title_id` int(11) NOT NULL AUTO_INCREMENT, AUTO_INCREMENT=5;
/*!40101 SET CHARACTER_SET_CLIENT=@OLD_CHARACTER_SET_CLIENT */;
/*!40101 SET CHARACTER_SET_RESULTS=@OLD_CHARACTER_SET_RESULTS */;
/*!40101 SET COLLATION_CONNECTION=@OLD_COLLATION_CONNECTION */;
